Classement des circonscriptions,Liste H/F EM,LFI,LR,FN,PS,Total Femmes jusqu’alors - EM,LFI,LR,FN,PS,Proportion de femmes jusqu’alors - EM,LFI,LR,FN,PS
1,H,H,H,H,F,0,0,0,0,0,0.0000,0.0000,0.0000,0.0000,0.0000
2,H,H,F,H,F,0,0,1,0,1,0.0000,0.0000,0.5000,0.0000,0.5000
3,H,H,H,H,F,0,0,1,0,2,0.0000,0.0000,0.3333,0.0000,0.6667
4,F,H,H,H,H,1,0,1,0,2,0.2500,0.0000,0.2500,0.0000,0.5000
5,H,H,H,H,F,1,0,1,0,3,0.2000,0.0000,0.2000,0.0000,0.6000
6,F,H,H,H,F,2,0,1,0,4,0.3333,0.0000,0.1667,0.0000,0.6667
7,H,F,F,H,F,2,1,2,0,5,0.2857,0.1429,0.2857,0.0000,0.7143
8,F,H,H,F,H,3,1,2,1,5,0.3750,0.1250,0.2500,0.1250,0.6250
9,H,F,H,H,H,3,2,2,1,5,0.3333,0.2222,0.2222,0.1111,0.5556
10,H,F,H,F,H,3,3,2,2,5,0.3000,0.3000,0.2000,0.2000,0.5000
11,H,F,H,H,H,3,4,2,2,5,0.2727,0.3636,0.1818,0.1818,0.4545
12,F,F,H,H,H,4,5,2,2,5,0.3333,0.4167,0.1667,0.1667,0.4167
13,F,F,H,F,F,5,6,2,3,6,0.3846,0.4615,0.1538,0.2308,0.4615
14,F,H,H,H,F,6,6,2,3,7,0.4286,0.4286,0.1429,0.2143,0.5000
15,F,F,H,H,F,7,7,2,3,8,0.4667,0.4667,0.1333,0.2000,0.5333
16,H,H,H,F,H,7,7,2,4,8,0.4375,0.4375,0.1250,0.2500,0.5000
17,H,F,H,H,F,7,8,2,4,9,0.4118,0.4706,0.1176,0.2353,0.5294
18,H,H,H,F,H,7,8,2,5,9,0.3889,0.4444,0.1111,0.2778,0.5000
19,H,F,H,H,F,7,9,2,5,10,0.3684,0.4737,0.1053,0.2632,0.5263
20,F,H,H,F,H,8,9,2,6,10,0.4000,0.4500,0.1000,0.3000,0.5000
21,H,H,H,F,F,8,9,2,7,11,0.3810,0.4286,0.0952,0.3333,0.5238
22,H,H,H,H,F,8,9,2,7,12,0.3636,0.4091,0.0909,0.3182,0.5455
23,H,H,F,H,H,8,9,3,7,12,0.3478,0.3913,0.1304,0.3043,0.5217
24,H,F,H,F,H,8,10,3,8,12,0.3333,0.4167,0.1250,0.3333,0.5000
25,F,H,H,H,F,9,10,3,8,13,0.3600,0.4000,0.1200,0.3200,0.5200
26,H,H,H,F,F,9,10,3,9,14,0.3462,0.3846,0.1154,0.3462,0.5385
27,H,F,F,F,F,9,11,4,10,15,0.3333,0.4074,0.1481,0.3704,0.5556
28,H,H,H,H,H,9,11,4,10,15,0.3214,0.3929,0.1429,0.3571,0.5357
29,F,H,H,H,F,10,11,4,10,16,0.3448,0.3793,0.1379,0.3448,0.5517
30,H,F,H,H,H,10,12,4,10,16,0.3333,0.4000,0.1333,0.3333,0.5333
31,F,F,F,H,H,11,13,5,10,16,0.3548,0.4194,0.1613,0.3226,0.5161
32,F,H,F,F,H,12,13,6,11,16,0.3750,0.4063,0.1875,0.3438,0.5000
33,F,F,H,H,H,13,14,6,11,16,0.3939,0.4242,0.1818,0.3333,0.4848
34,F,F,F,H,F,14,15,7,11,17,0.4118,0.4412,0.2059,0.3235,0.5000
35,F,H,H,H,H,15,15,7,11,17,0.4286,0.4286,0.2000,0.3143,0.4857
36,H,F,H,F,H,15,16,7,12,17,0.4167,0.4444,0.1944,0.3333,0.4722
37,F,H,H,H,H,16,16,7,12,17,0.4324,0.4324,0.1892,0.3243,0.4595
38,H,F,F,H,H,16,17,8,12,17,0.4211,0.4474,0.2105,0.3158,0.4474
39,F,H,F,H,F,17,17,9,12,18,0.4359,0.4359,0.2308,0.3077,0.4615
40,F,H,H,F,F,18,17,9,13,19,0.4500,0.4250,0.2250,0.3250,0.4750
41,F,F,F,F,H,19,18,10,14,19,0.4634,0.4390,0.2439,0.3415,0.4634
42,H,F,F,F,H,19,19,11,15,19,0.4524,0.4524,0.2619,0.3571,0.4524
43,F,H,H,H,H,20,19,11,15,19,0.4651,0.4419,0.2558,0.3488,0.4419
44,H,H,H,F,H,20,19,11,16,19,0.4545,0.4318,0.2500,0.3636,0.4318
45,H,H,F,H,F,20,19,12,16,20,0.4444,0.4222,0.2667,0.3556,0.4444
46,F,H,F,F,H,21,19,13,17,20,0.4565,0.4130,0.2826,0.3696,0.4348
47,F,F,H,F,H,22,20,13,18,20,0.4681,0.4255,0.2766,0.3830,0.4255
48,F,F,H,H,F,23,21,13,18,21,0.4792,0.4375,0.2708,0.3750,0.4375
49,H,F,H,H,H,23,22,13,18,21,0.4694,0.4490,0.2653,0.3673,0.4286
50,H,F,H,H,F,23,23,13,18,22,0.4600,0.4600,0.2600,0.3600,0.4400
51,F,F,H,F,F,24,24,13,19,23,0.4706,0.4706,0.2549,0.3725,0.4510
52,F,H,H,H,H,25,24,13,19,23,0.4808,0.4615,0.2500,0.3654,0.4423
53,F,F,H,F,F,26,25,13,20,24,0.4906,0.4717,0.2453,0.3774,0.4528
54,H,F,H,F,H,26,26,13,21,24,0.4815,0.4815,0.2407,0.3889,0.4444
55,F,F,H,F,H,27,27,13,22,24,0.4909,0.4909,0.2364,0.4000,0.4364
56,H,H,F,H,H,27,27,14,22,24,0.4821,0.4821,0.2500,0.3929,0.4286
57,F,F,F,F,H,28,28,15,23,24,0.4912,0.4912,0.2632,0.4035,0.4211
58,F,H,H,H,H,29,28,15,23,24,0.5000,0.4828,0.2586,0.3966,0.4138
59,H,H,H,H,H,29,28,15,23,24,0.4915,0.4746,0.2542,0.3898,0.4068
60,F,H,H,H,F,30,28,15,23,25,0.5000,0.4667,0.2500,0.3833,0.4167
61,F,H,H,H,H,31,28,15,23,25,0.5082,0.4590,0.2459,0.3770,0.4098
62,H,H,H,H,F,31,28,15,23,26,0.5000,0.4516,0.2419,0.3710,0.4194
63,H,F,H,H,F,31,29,15,23,27,0.4921,0.4603,0.2381,0.3651,0.4286
64,F,F,H,H,H,32,30,15,23,27,0.5000,0.4688,0.2344,0.3594,0.4219
65,F,H,H,H,F,33,30,15,23,28,0.5077,0.4615,0.2308,0.3538,0.4308
66,F,H,H,H,F,34,30,15,23,29,0.5152,0.4545,0.2273,0.3485,0.4394
67,F,H,H,F,H,35,30,15,24,29,0.5224,0.4478,0.2239,0.3582,0.4328
68,F,H,F,F,H,36,30,16,25,29,0.5294,0.4412,0.2353,0.3676,0.4265
69,F,H,F,H,F,37,30,17,25,30,0.5362,0.4348,0.2464,0.3623,0.4348
70,F,H,F,H,H,38,30,18,25,30,0.5429,0.4286,0.2571,0.3571,0.4286
71,H,F,H,H,F,38,31,18,25,31,0.5352,0.4366,0.2535,0.3521,0.4366
72,F,H,H,H,H,39,31,18,25,31,0.5417,0.4306,0.2500,0.3472,0.4306
73,H,H,H,F,F,39,31,18,26,32,0.5342,0.4247,0.2466,0.3562,0.4384
74,H,F,H,H,H,39,32,18,26,32,0.5270,0.4324,0.2432,0.3514,0.4324
75,H,H,H,H,H,39,32,18,26,32,0.5200,0.4267,0.2400,0.3467,0.4267
76,F,F,H,H,H,40,33,18,26,32,0.5263,0.4342,0.2368,0.3421,0.4211
77,H,F,F,H,H,40,34,19,26,32,0.5195,0.4416,0.2468,0.3377,0.4156
78,F,F,H,H,F,41,35,19,26,33,0.5256,0.4487,0.2436,0.3333,0.4231
79,H,F,H,F,H,41,36,19,27,33,0.5190,0.4557,0.2405,0.3418,0.4177
80,H,F,F,H,H,41,37,20,27,33,0.5125,0.4625,0.2500,0.3375,0.4125
81,F,H,H,H,F,42,37,20,27,34,0.5185,0.4568,0.2469,0.3333,0.4198
82,H,H,F,H,H,42,37,21,27,34,0.5122,0.4512,0.2561,0.3293,0.4146
83,H,H,F,F,H,42,37,22,28,34,0.5060,0.4458,0.2651,0.3373,0.4096
84,F,H,H,H,F,43,37,22,28,35,0.5119,0.4405,0.2619,0.3333,0.4167
85,H,F,H,H,H,43,38,22,28,35,0.5059,0.4471,0.2588,0.3294,0.4118
86,H,H,H,H,F,43,38,22,28,36,0.5000,0.4419,0.2558,0.3256,0.4186
87,H,F,H,H,F,43,39,22,28,37,0.4943,0.4483,0.2529,0.3218,0.4253
88,F,H,H,H,H,44,39,22,28,37,0.5000,0.4432,0.2500,0.3182,0.4205
89,F,H,H,H,F,45,39,22,28,38,0.5056,0.4382,0.2472,0.3146,0.4270
90,H,H,F,H,F,45,39,23,28,39,0.5000,0.4333,0.2556,0.3111,0.4333
91,H,F,H,F,F,45,40,23,29,40,0.4945,0.4396,0.2527,0.3187,0.4396
92,F,H,H,F,F,46,40,23,30,41,0.5000,0.4348,0.2500,0.3261,0.4457
93,H,F,F,F,H,46,41,24,31,41,0.4946,0.4409,0.2581,0.3333,0.4409
94,H,F,H,F,H,46,42,24,32,41,0.4894,0.4468,0.2553,0.3404,0.4362
95,F,F,H,F,H,47,43,24,33,41,0.4947,0.4526,0.2526,0.3474,0.4316
96,H,F,F,F,H,47,44,25,34,41,0.4896,0.4583,0.2604,0.3542,0.4271
97,H,F,H,F,H,47,45,25,35,41,0.4845,0.4639,0.2577,0.3608,0.4227
98,H,H,H,H,F,47,45,25,35,42,0.4796,0.4592,0.2551,0.3571,0.4286
99,H,H,H,F,H,47,45,25,36,42,0.4747,0.4545,0.2525,0.3636,0.4242
100,F,H,H,F,H,48,45,25,37,42,0.4800,0.4500,0.2500,0.3700,0.4200
101,F,H,H,F,H,49,45,25,38,42,0.4851,0.4455,0.2475,0.3762,0.4158
102,H,H,H,F,F,49,45,25,39,43,0.4804,0.4412,0.2451,0.3824,0.4216
103,H,F,H,F,F,49,46,25,40,44,0.4757,0.4466,0.2427,0.3883,0.4272
104,F,H,H,F,F,50,46,25,41,45,0.4808,0.4423,0.2404,0.3942,0.4327
105,H,F,H,F,H,50,47,25,42,45,0.4762,0.4476,0.2381,0.4000,0.4286
106,F,F,H,F,F,51,48,25,43,46,0.4811,0.4528,0.2358,0.4057,0.4340
107,F,H,F,F,F,52,48,26,44,47,0.4860,0.4486,0.2430,0.4112,0.4393
108,F,H,H,H,F,53,48,26,44,48,0.4907,0.4444,0.2407,0.4074,0.4444
109,H,H,H,F,F,53,48,26,45,49,0.4862,0.4404,0.2385,0.4128,0.4495
110,F,H,H,H,H,54,48,26,45,49,0.4909,0.4364,0.2364,0.4091,0.4455
111,H,H,H,F,F,54,48,26,46,50,0.4865,0.4324,0.2342,0.4144,0.4505
112,F,F,F,H,F,55,49,27,46,51,0.4911,0.4375,0.2411,0.4107,0.4554
113,F,H,H,F,F,56,49,27,47,52,0.4956,0.4336,0.2389,0.4159,0.4602
114,H,F,F,F,H,56,50,28,48,52,0.4912,0.4386,0.2456,0.4211,0.4561
115,H,F,H,F,H,56,51,28,49,52,0.4870,0.4435,0.2435,0.4261,0.4522
116,H,H,H,F,H,56,51,28,50,52,0.4828,0.4397,0.2414,0.4310,0.4483
117,F,F,H,H,F,57,52,28,50,53,0.4872,0.4444,0.2393,0.4274,0.4530
118,F,H,F,F,F,58,52,29,51,54,0.4915,0.4407,0.2458,0.4322,0.4576
119,F,F,H,H,F,59,53,29,51,55,0.4958,0.4454,0.2437,0.4286,0.4622
120,F,F,H,H,H,60,54,29,51,55,0.5000,0.4500,0.2417,0.4250,0.4583
121,F,F,H,F,F,61,55,29,52,56,0.5041,0.4545,0.2397,0.4298,0.4628
122,H,H,H,H,F,61,55,29,52,57,0.5000,0.4508,0.2377,0.4262,0.4672
123,F,H,H,H,H,62,55,29,52,57,0.5041,0.4472,0.2358,0.4228,0.4634
124,F,H,H,F,F,63,55,29,53,58,0.5081,0.4435,0.2339,0.4274,0.4677
125,H,F,H,F,F,63,56,29,54,59,0.5040,0.4480,0.2320,0.4320,0.4720
126,H,H,F,H,H,63,56,30,54,59,0.5000,0.4444,0.2381,0.4286,0.4683
127,H,H,F,F,F,63,56,31,55,60,0.4961,0.4409,0.2441,0.4331,0.4724
128,F,F,H,F,H,64,57,31,56,60,0.5000,0.4453,0.2422,0.4375,0.4688
129,F,H,H,H,F,65,57,31,56,61,0.5039,0.4419,0.2403,0.4341,0.4729
130,H,F,H,H,H,65,58,31,56,61,0.5000,0.4462,0.2385,0.4308,0.4692
131,H,F,H,H,F,65,59,31,56,62,0.4962,0.4504,0.2366,0.4275,0.4733
132,H,H,H,H,F,65,59,31,56,63,0.4924,0.4470,0.2348,0.4242,0.4773
133,F,H,H,H,H,66,59,31,56,63,0.4962,0.4436,0.2331,0.4211,0.4737
134,H,F,H,F,H,66,60,31,57,63,0.4925,0.4478,0.2313,0.4254,0.4701
135,F,H,H,F,F,67,60,31,58,64,0.4963,0.4444,0.2296,0.4296,0.4741
136,H,F,H,F,F,67,61,31,59,65,0.4926,0.4485,0.2279,0.4338,0.4779
137,H,H,H,F,H,67,61,31,60,65,0.4891,0.4453,0.2263,0.4380,0.4745
138,H,F,F,H,F,67,62,32,60,66,0.4855,0.4493,0.2319,0.4348,0.4783
139,F,F,F,H,F,68,63,33,60,67,0.4892,0.4532,0.2374,0.4317,0.4820
140,H,F,H,H,H,68,64,33,60,67,0.4857,0.4571,0.2357,0.4286,0.4786
141,H,H,H,F,H,68,64,33,61,67,0.4823,0.4539,0.2340,0.4326,0.4752
142,H,F,H,F,F,68,65,33,62,68,0.4789,0.4577,0.2324,0.4366,0.4789
143,F,F,H,H,H,69,66,33,62,68,0.4825,0.4615,0.2308,0.4336,0.4755
144,F,F,H,H,F,70,67,33,62,69,0.4861,0.4653,0.2292,0.4306,0.4792
145,F,F,H,H,H,71,68,33,62,69,0.4897,0.4690,0.2276,0.4276,0.4759
146,H,H,H,F,H,71,68,33,63,69,0.4863,0.4658,0.2260,0.4315,0.4726
147,H,F,H,H,H,71,69,33,63,69,0.4830,0.4694,0.2245,0.4286,0.4694
148,F,H,H,F,H,72,69,33,64,69,0.4865,0.4662,0.2230,0.4324,0.4662
149,H,H,F,H,F,72,69,34,64,70,0.4832,0.4631,0.2282,0.4295,0.4698
150,F,H,F,H,F,73,69,35,64,71,0.4867,0.4600,0.2333,0.4267,0.4733
151,H,F,H,F,F,73,70,35,65,72,0.4834,0.4636,0.2318,0.4305,0.4768
152,H,H,H,F,H,73,70,35,66,72,0.4803,0.4605,0.2303,0.4342,0.4737
153,F,H,F,H,F,74,70,36,66,73,0.4837,0.4575,0.2353,0.4314,0.4771
154,H,F,H,H,H,74,71,36,66,73,0.4805,0.4610,0.2338,0.4286,0.4740
155,H,F,F,F,H,74,72,37,67,73,0.4774,0.4645,0.2387,0.4323,0.4710
156,F,H,H,H,F,75,72,37,67,74,0.4808,0.4615,0.2372,0.4295,0.4744
157,F,H,H,H,H,76,72,37,67,74,0.4841,0.4586,0.2357,0.4268,0.4713
158,H,F,H,H,F,76,73,37,67,75,0.4810,0.4620,0.2342,0.4241,0.4747
159,F,F,F,F,H,77,74,38,68,75,0.4843,0.4654,0.2390,0.4277,0.4717
160,F,H,H,F,H,78,74,38,69,75,0.4875,0.4625,0.2375,0.4313,0.4688
161,F,H,F,F,H,79,74,39,70,75,0.4907,0.4596,0.2422,0.4348,0.4658
162,H,F,H,H,F,79,75,39,70,76,0.4877,0.4630,0.2407,0.4321,0.4691
163,H,F,F,F,F,79,76,40,71,77,0.4847,0.4663,0.2454,0.4356,0.4724
164,F,H,H,F,F,80,76,40,72,78,0.4878,0.4634,0.2439,0.4390,0.4756
165,F,H,H,F,H,81,76,40,73,78,0.4909,0.4606,0.2424,0.4424,0.4727
166,F,F,H,F,F,82,77,40,74,79,0.4940,0.4639,0.2410,0.4458,0.4759
167,F,F,H,H,F,83,78,40,74,80,0.4970,0.4671,0.2395,0.4431,0.4790
168,F,H,F,H,F,84,78,41,74,81,0.5000,0.4643,0.2440,0.4405,0.4821
169,H,F,H,F,H,84,79,41,75,81,0.4970,0.4675,0.2426,0.4438,0.4793
170,F,F,H,F,F,85,80,41,76,82,0.5000,0.4706,0.2412,0.4471,0.4824
171,F,F,F,H,F,86,81,42,76,83,0.5029,0.4737,0.2456,0.4444,0.4854
172,F,F,H,H,H,87,82,42,76,83,0.5058,0.4767,0.2442,0.4419,0.4826
173,H,F,H,F,H,87,83,42,77,83,0.5029,0.4798,0.2428,0.4451,0.4798
174,H,F,H,F,H,87,84,42,78,83,0.5000,0.4828,0.2414,0.4483,0.4770
175,H,H,H,F,F,87,84,42,79,84,0.4971,0.4800,0.2400,0.4514,0.4800
176,F,F,H,H,H,88,85,42,79,84,0.5000,0.4830,0.2386,0.4489,0.4773
177,F,H,H,H,F,89,85,42,79,85,0.5028,0.4802,0.2373,0.4463,0.4802
178,H,F,F,H,H,89,86,43,79,85,0.5000,0.4831,0.2416,0.4438,0.4775
179,H,F,H,F,H,89,87,43,80,85,0.4972,0.4860,0.2402,0.4469,0.4749
180,F,F,F,H,H,90,88,44,80,85,0.5000,0.4889,0.2444,0.4444,0.4722
181,H,F,H,F,F,90,89,44,81,86,0.4972,0.4917,0.2431,0.4475,0.4751
182,F,F,F,H,H,91,90,45,81,86,0.5000,0.4945,0.2473,0.4451,0.4725
183,F,H,F,H,H,92,90,46,81,86,0.5027,0.4918,0.2514,0.4426,0.4699
184,F,F,H,F,H,93,91,46,82,86,0.5054,0.4946,0.2500,0.4457,0.4674
185,H,F,H,H,F,93,92,46,82,87,0.5027,0.4973,0.2486,0.4432,0.4703
186,F,F,H,H,F,94,93,46,82,88,0.5054,0.5000,0.2473,0.4409,0.4731
187,H,H,F,H,F,94,93,47,82,89,0.5027,0.4973,0.2513,0.4385,0.4759
188,F,H,H,H,H,95,93,47,82,89,0.5053,0.4947,0.2500,0.4362,0.4734
189,F,H,H,H,H,96,93,47,82,89,0.5079,0.4921,0.2487,0.4339,0.4709
190,H,H,H,F,F,96,93,47,83,90,0.5053,0.4895,0.2474,0.4368,0.4737
191,H,H,H,H,H,96,93,47,83,90,0.5026,0.4869,0.2461,0.4346,0.4712
192,H,H,H,F,F,96,93,47,84,91,0.5000,0.4844,0.2448,0.4375,0.4740
193,H,F,H,H,H,96,94,47,84,91,0.4974,0.4870,0.2435,0.4352,0.4715
194,F,F,H,F,H,97,95,47,85,91,0.5000,0.4897,0.2423,0.4381,0.4691
195,H,H,F,H,H,97,95,48,85,91,0.4974,0.4872,0.2462,0.4359,0.4667
196,H,F,H,H,F,97,96,48,85,92,0.4949,0.4898,0.2449,0.4337,0.4694
197,F,F,F,H,H,98,97,49,85,92,0.4975,0.4924,0.2487,0.4315,0.4670
198,H,H,H,H,H,98,97,49,85,92,0.4949,0.4899,0.2475,0.4293,0.4646
199,F,F,F,H,H,99,98,50,85,92,0.4975,0.4925,0.2513,0.4271,0.4623
200,F,F,F,F,F,100,99,51,86,93,0.5000,0.4950,0.2550,0.4300,0.4650
201,F,H,H,H,H,101,99,51,86,93,0.5025,0.4925,0.2537,0.4279,0.4627
202,F,H,H,F,H,102,99,51,87,93,0.5050,0.4901,0.2525,0.4307,0.4604
203,F,F,F,H,F,103,100,52,87,94,0.5074,0.4926,0.2562,0.4286,0.4631
204,H,H,H,F,F,103,100,52,88,95,0.5049,0.4902,0.2549,0.4314,0.4657
205,H,H,H,H,H,103,100,52,88,95,0.5024,0.4878,0.2537,0.4293,0.4634
206,H,F,F,F,F,103,101,53,89,96,0.5000,0.4903,0.2573,0.4320,0.4660
207,F,H,H,F,H,104,101,53,90,96,0.5024,0.4879,0.2560,0.4348,0.4638
208,F,H,F,F,F,105,101,54,91,97,0.5048,0.4856,0.2596,0.4375,0.4663
209,F,F,H,H,F,106,102,54,91,98,0.5072,0.4880,0.2584,0.4354,0.4689
210,H,F,H,F,F,106,103,54,92,99,0.5048,0.4905,0.2571,0.4381,0.4714
211,F,F,F,H,F,107,104,55,92,100,0.5071,0.4929,0.2607,0.4360,0.4739
212,F,F,F,F,F,108,105,56,93,101,0.5094,0.4953,0.2642,0.4387,0.4764
213,H,H,F,H,H,108,105,57,93,101,0.5070,0.4930,0.2676,0.4366,0.4742
214,H,F,H,F,F,108,106,57,94,102,0.5047,0.4953,0.2664,0.4393,0.4766
215,H,F,F,H,F,108,107,58,94,103,0.5023,0.4977,0.2698,0.4372,0.4791
216,F,H,H,H,F,109,107,58,94,104,0.5046,0.4954,0.2685,0.4352,0.4815
217,F,F,H,F,F,110,108,58,95,105,0.5069,0.4977,0.2673,0.4378,0.4839
218,F,H,H,H,F,111,108,58,95,106,0.5092,0.4954,0.2661,0.4358,0.4862
219,F,H,H,F,H,112,108,58,96,106,0.5114,0.4932,0.2648,0.4384,0.4840
220,H,H,F,H,H,112,108,59,96,106,0.5091,0.4909,0.2682,0.4364,0.4818
221,F,F,F,H,F,113,109,60,96,107,0.5113,0.4932,0.2715,0.4344,0.4842
222,F,H,H,H,H,114,109,60,96,107,0.5135,0.4910,0.2703,0.4324,0.4820
223,F,F,H,H,F,115,110,60,96,108,0.5157,0.4933,0.2691,0.4305,0.4843
224,F,H,H,H,H,116,110,60,96,108,0.5179,0.4911,0.2679,0.4286,0.4821
225,F,H,H,H,F,117,110,60,96,109,0.5200,0.4889,0.2667,0.4267,0.4844
226,H,F,H,F,F,117,111,60,97,110,0.5177,0.4912,0.2655,0.4292,0.4867
227,H,H,H,F,H,117,111,60,98,110,0.5154,0.4890,0.2643,0.4317,0.4846
228,F,H,H,F,F,118,111,60,99,111,0.5175,0.4868,0.2632,0.4342,0.4868
229,H,F,H,H,H,118,112,60,99,111,0.5153,0.4891,0.2620,0.4323,0.4847
230,F,F,H,F,F,119,113,60,100,112,0.5174,0.4913,0.2609,0.4348,0.4870
231,H,H,F,H,F,119,113,61,100,113,0.5152,0.4892,0.2641,0.4329,0.4892
232,F,F,H,H,H,120,114,61,100,113,0.5172,0.4914,0.2629,0.4310,0.4871
233,H,H,F,F,H,120,114,62,101,113,0.5150,0.4893,0.2661,0.4335,0.4850
234,H,F,H,F,F,120,115,62,102,114,0.5128,0.4915,0.2650,0.4359,0.4872
235,H,F,H,H,H,120,116,62,102,114,0.5106,0.4936,0.2638,0.4340,0.4851
236,H,H,H,H,H,120,116,62,102,114,0.5085,0.4915,0.2627,0.4322,0.4831
237,H,H,H,H,F,120,116,62,102,115,0.5063,0.4895,0.2616,0.4304,0.4852
238,F,F,H,H,F,121,117,62,102,116,0.5084,0.4916,0.2605,0.4286,0.4874
239,F,H,H,H,H,122,117,62,102,116,0.5105,0.4895,0.2594,0.4268,0.4854
240,F,,F,F,F,123,117,63,103,117,0.5125,0.4875,0.2625,0.4292,0.4875
241,F,F,H,H,F,124,118,63,103,118,0.5145,0.4896,0.2614,0.4274,0.4896
242,H,H,F,H,F,124,118,64,103,119,0.5124,0.4876,0.2645,0.4256,0.4917
243,H,H,H,H,F,124,118,64,103,120,0.5103,0.4856,0.2634,0.4239,0.4938
244,F,F,H,F,H,125,119,64,104,120,0.5123,0.4877,0.2623,0.4262,0.4918
245,H,F,H,H,H,125,120,64,104,120,0.5102,0.4898,0.2612,0.4245,0.4898
246,H,H,H,H,H,125,120,64,104,120,0.5081,0.4878,0.2602,0.4228,0.4878
247,H,F,F,F,F,125,121,65,105,121,0.5061,0.4899,0.2632,0.4251,0.4899
248,F,F,H,H,H,126,122,65,105,121,0.5081,0.4919,0.2621,0.4234,0.4879
249,F,H,H,H,H,127,122,65,105,121,0.5100,0.4900,0.2610,0.4217,0.4859
250,H,F,H,F,H,127,123,65,106,121,0.5080,0.4920,0.2600,0.4240,0.4840
251,H,F,F,F,F,127,124,66,107,122,0.5060,0.4940,0.2629,0.4263,0.4861
252,H,H,F,H,H,127,124,67,107,122,0.5040,0.4921,0.2659,0.4246,0.4841
253,H,F,H,F,H,127,125,67,108,122,0.5020,0.4941,0.2648,0.4269,0.4822
254,H,H,F,F,H,127,125,68,109,122,0.5000,0.4921,0.2677,0.4291,0.4803
255,H,H,H,F,F,127,125,68,110,123,0.4980,0.4902,0.2667,0.4314,0.4824
256,F,H,H,F,F,128,125,68,111,124,0.5000,0.4883,0.2656,0.4336,0.4844
257,H,H,H,F,F,128,125,68,112,125,0.4981,0.4864,0.2646,0.4358,0.4864
258,F,H,H,F,F,129,125,68,113,126,0.5000,0.4845,0.2636,0.4380,0.4884
259,F,F,F,F,F,130,126,69,114,127,0.5019,0.4865,0.2664,0.4402,0.4903
260,H,F,F,F,F,130,127,70,115,128,0.5000,0.4885,0.2692,0.4423,0.4923
261,F,F,H,F,H,131,128,70,116,128,0.5019,0.4904,0.2682,0.4444,0.4904
262,H,F,H,F,F,131,129,70,117,129,0.5000,0.4924,0.2672,0.4466,0.4924
263,F,F,H,H,F,132,130,70,117,130,0.5019,0.4943,0.2662,0.4449,0.4943
264,H,H,F,F,F,132,130,71,118,131,0.5000,0.4924,0.2689,0.4470,0.4962
265,H,F,H,F,F,132,131,71,119,132,0.4981,0.4943,0.2679,0.4491,0.4981
266,F,F,F,F,F,133,132,72,120,133,0.5000,0.4962,0.2707,0.4511,0.5000
267,H,H,H,F,H,133,132,72,121,133,0.4981,0.4944,0.2697,0.4532,0.4981
268,H,H,H,H,H,133,132,72,121,133,0.4963,0.4925,0.2687,0.4515,0.4963
269,H,H,F,F,F,133,132,73,122,134,0.4944,0.4907,0.2714,0.4535,0.4981
270,H,H,F,H,H,133,132,74,122,134,0.4926,0.4889,0.2741,0.4519,0.4963
271,F,F,F,F,H,134,133,75,123,134,0.4945,0.4908,0.2768,0.4539,0.4945
272,F,H,H,H,H,135,133,75,123,134,0.4963,0.4890,0.2757,0.4522,0.4926
273,H,H,F,F,H,135,133,76,124,134,0.4945,0.4872,0.2784,0.4542,0.4908
274,F,F,H,H,F,136,134,76,124,135,0.4964,0.4891,0.2774,0.4526,0.4927
275,H,F,H,H,H,136,135,76,124,135,0.4945,0.4909,0.2764,0.4509,0.4909
276,H,F,H,H,F,136,136,76,124,136,0.4928,0.4928,0.2754,0.4493,0.4928
277,H,H,H,H,F,136,136,76,124,137,0.4910,0.4910,0.2744,0.4477,0.4946
278,H,F,H,F,H,136,137,76,125,137,0.4892,0.4928,0.2734,0.4496,0.4928
279,F,F,H,H,F,137,138,76,125,138,0.4910,0.4946,0.2724,0.4480,0.4946
280,F,F,H,F,F,138,139,76,126,139,0.4929,0.4964,0.2714,0.4500,0.4964
281,H,H,F,F,H,138,139,77,127,139,0.4911,0.4947,0.2740,0.4520,0.4947
282,H,H,H,H,F,138,139,77,127,140,0.4894,0.4929,0.2730,0.4504,0.4965
283,H,F,H,H,F,138,140,77,127,141,0.4876,0.4947,0.2721,0.4488,0.4982
284,H,H,H,H,F,138,140,77,127,142,0.4859,0.4930,0.2711,0.4472,0.5000
285,H,H,H,F,H,138,140,77,128,142,0.4842,0.4912,0.2702,0.4491,0.4982
286,H,H,H,H,F,138,140,77,128,143,0.4825,0.4895,0.2692,0.4476,0.5000
287,F,F,F,F,F,139,141,78,129,144,0.4843,0.4913,0.2718,0.4495,0.5017
288,F,H,F,F,H,140,141,79,130,144,0.4861,0.4896,0.2743,0.4514,0.5000
289,H,F,F,F,H,140,142,80,131,144,0.4844,0.4913,0.2768,0.4533,0.4983
290,H,F,H,F,F,140,143,80,132,145,0.4828,0.4931,0.2759,0.4552,0.5000
291,H,F,H,F,H,140,144,80,133,145,0.4811,0.4948,0.2749,0.4570,0.4983
292,F,H,H,F,F,141,144,80,134,146,0.4829,0.4932,0.2740,0.4589,0.5000
293,H,F,F,F,F,141,145,81,135,147,0.4812,0.4949,0.2765,0.4608,0.5017
294,H,F,F,F,H,141,146,82,136,147,0.4796,0.4966,0.2789,0.4626,0.5000
295,F,H,H,H,F,142,146,82,136,148,0.4814,0.4949,0.2780,0.4610,0.5017
296,F,,H,H,H,143,146,82,136,148,0.4831,0.4932,0.2770,0.4595,0.5000
297,F,H,H,F,H,144,146,82,137,148,0.4848,0.4916,0.2761,0.4613,0.4983
298,H,H,H,H,H,144,146,82,137,148,0.4832,0.4899,0.2752,0.4597,0.4966
299,H,H,F,F,H,144,146,83,138,148,0.4816,0.4883,0.2776,0.4615,0.4950
300,F,H,H,F,H,145,146,83,139,148,0.4833,0.4867,0.2767,0.4633,0.4933
301,H,H,H,H,H,145,146,83,139,148,0.4817,0.4850,0.2757,0.4618,0.4917
302,F,F,F,H,F,146,147,84,139,149,0.4834,0.4868,0.2781,0.4603,0.4934
303,F,F,H,H,H,147,148,84,139,149,0.4851,0.4884,0.2772,0.4587,0.4917
304,H,F,H,H,H,147,149,84,139,149,0.4836,0.4901,0.2763,0.4572,0.4901
305,H,F,H,F,F,147,150,84,140,150,0.4820,0.4918,0.2754,0.4590,0.4918
306,F,F,H,F,F,148,151,84,141,151,0.4837,0.4935,0.2745,0.4608,0.4935
307,F,H,H,H,H,149,151,84,141,151,0.4853,0.4919,0.2736,0.4593,0.4919
308,F,F,H,H,F,150,152,84,141,152,0.4870,0.4935,0.2727,0.4578,0.4935
309,H,F,H,F,H,150,153,84,142,152,0.4854,0.4951,0.2718,0.4595,0.4919
310,F,H,F,F,H,151,153,85,143,152,0.4871,0.4935,0.2742,0.4613,0.4903
311,H,F,F,H,H,151,154,86,143,152,0.4855,0.4952,0.2765,0.4598,0.4887
312,H,H,H,F,H,151,154,86,144,152,0.4840,0.4936,0.2756,0.4615,0.4872
313,H,F,F,H,F,151,155,87,144,153,0.4824,0.4952,0.2780,0.4601,0.4888
314,F,H,H,H,H,152,155,87,144,153,0.4841,0.4936,0.2771,0.4586,0.4873
315,H,F,H,F,F,152,156,87,145,154,0.4825,0.4952,0.2762,0.4603,0.4889
316,H,F,F,H,H,152,157,88,145,154,0.4810,0.4968,0.2785,0.4589,0.4873
317,H,H,F,F,F,152,157,89,146,155,0.4795,0.4953,0.2808,0.4606,0.4890
318,F,H,H,F,H,153,157,89,147,155,0.4811,0.4937,0.2799,0.4623,0.4874
319,F,F,H,F,F,154,158,89,148,156,0.4828,0.4953,0.2790,0.4639,0.4890
320,F,H,F,H,H,155,158,90,148,156,0.4844,0.4938,0.2813,0.4625,0.4875
321,H,H,H,H,F,155,158,90,148,157,0.4829,0.4922,0.2804,0.4611,0.4891
322,F,H,H,H,F,156,158,90,148,158,0.4845,0.4907,0.2795,0.4596,0.4907
323,F,H,H,F,F,157,158,90,149,159,0.4861,0.4892,0.2786,0.4613,0.4923
324,H,H,F,F,H,157,158,91,150,159,0.4846,0.4877,0.2809,0.4630,0.4907
325,H,F,F,H,F,157,159,92,150,160,0.4831,0.4892,0.2831,0.4615,0.4923
326,F,H,F,H,F,158,159,93,150,161,0.4847,0.4877,0.2853,0.4601,0.4939
327,F,F,H,H,H,159,160,93,150,161,0.4862,0.4893,0.2844,0.4587,0.4924
328,F,F,H,H,F,160,161,93,150,162,0.4878,0.4909,0.2835,0.4573,0.4939
329,F,F,H,H,H,161,162,93,150,162,0.4894,0.4924,0.2827,0.4559,0.4924
330,H,F,H,F,H,161,163,93,151,162,0.4879,0.4939,0.2818,0.4576,0.4909
331,F,F,F,F,F,162,164,94,152,163,0.4894,0.4955,0.2840,0.4592,0.4924
332,F,H,F,H,F,163,164,95,152,164,0.4910,0.4940,0.2861,0.4578,0.4940
333,H,F,F,F,F,163,165,96,153,165,0.4895,0.4955,0.2883,0.4595,0.4955
334,F,H,H,F,H,164,165,96,154,165,0.4910,0.4940,0.2874,0.4611,0.4940
335,H,H,H,H,H,164,165,96,154,165,0.4896,0.4925,0.2866,0.4597,0.4925
336,F,H,F,H,F,165,165,97,154,166,0.4911,0.4911,0.2887,0.4583,0.4940
337,F,H,F,H,F,166,165,98,154,167,0.4926,0.4896,0.2908,0.4570,0.4955
338,H,H,F,H,F,166,165,99,154,168,0.4911,0.4882,0.2929,0.4556,0.4970
339,F,F,H,F,H,167,166,99,155,168,0.4926,0.4897,0.2920,0.4572,0.4956
340,H,H,H,F,H,167,166,99,156,168,0.4912,0.4882,0.2912,0.4588,0.4941
341,H,H,F,F,H,167,166,100,157,168,0.4897,0.4868,0.2933,0.4604,0.4927
342,F,F,H,H,H,168,167,100,157,168,0.4912,0.4883,0.2924,0.4591,0.4912
343,H,F,H,F,F,168,168,100,158,169,0.4898,0.4898,0.2915,0.4606,0.4927
344,F,F,F,F,H,169,169,101,159,169,0.4913,0.4913,0.2936,0.4622,0.4913
345,H,H,F,F,H,169,169,102,160,169,0.4899,0.4899,0.2957,0.4638,0.4899
346,H,F,F,F,F,169,170,103,161,170,0.4884,0.4913,0.2977,0.4653,0.4913
347,H,F,F,F,H,169,171,104,162,170,0.4870,0.4928,0.2997,0.4669,0.4899
348,F,F,F,H,H,170,172,105,162,170,0.4885,0.4943,0.3017,0.4655,0.4885
349,H,F,F,F,H,170,173,106,163,170,0.4871,0.4957,0.3037,0.4670,0.4871
350,H,H,H,H,H,170,173,106,163,170,0.4857,0.4943,0.3029,0.4657,0.4857
351,H,F,H,F,F,170,174,106,164,171,0.4843,0.4957,0.3020,0.4672,0.4872
352,F,H,H,F,F,171,174,106,165,172,0.4858,0.4943,0.3011,0.4688,0.4886
353,H,H,H,H,H,171,174,106,165,172,0.4844,0.4929,0.3003,0.4674,0.4873
354,F,H,H,F,H,172,174,106,166,172,0.4859,0.4915,0.2994,0.4689,0.4859
355,F,F,H,H,H,173,175,106,166,172,0.4873,0.4930,0.2986,0.4676,0.4845
356,H,H,H,F,F,173,175,106,167,173,0.4860,0.4916,0.2978,0.4691,0.4860
357,H,H,H,F,H,173,175,106,168,173,0.4846,0.4902,0.2969,0.4706,0.4846
358,F,F,H,F,H,174,176,106,169,173,0.4860,0.4916,0.2961,0.4721,0.4832
359,F,H,H,H,F,175,176,106,169,174,0.4875,0.4903,0.2953,0.4708,0.4847
360,H,H,F,H,H,175,176,107,169,174,0.4861,0.4889,0.2972,0.4694,0.4833
361,H,F,H,F,H,175,177,107,170,174,0.4848,0.4903,0.2964,0.4709,0.4820
362,H,H,F,F,H,175,177,108,171,174,0.4834,0.4890,0.2983,0.4724,0.4807
363,F,H,F,F,F,176,177,109,172,175,0.4848,0.4876,0.3003,0.4738,0.4821
364,F,F,F,H,H,177,178,110,172,175,0.4863,0.4890,0.3022,0.4725,0.4808
365,H,H,H,H,F,177,178,110,172,176,0.4849,0.4877,0.3014,0.4712,0.4822
366,H,F,H,H,F,177,179,110,172,177,0.4836,0.4891,0.3005,0.4699,0.4836
367,H,H,H,F,F,177,179,110,173,178,0.4823,0.4877,0.2997,0.4714,0.4850
368,F,F,H,F,F,178,180,110,174,179,0.4837,0.4891,0.2989,0.4728,0.4864
369,F,H,H,H,H,179,180,110,174,179,0.4851,0.4878,0.2981,0.4715,0.4851
370,H,F,H,F,F,179,181,110,175,180,0.4838,0.4892,0.2973,0.4730,0.4865
371,F,F,F,H,F,180,182,111,175,181,0.4852,0.4906,0.2992,0.4717,0.4879
372,H,H,F,F,F,180,182,112,176,182,0.4839,0.4892,0.3011,0.4731,0.4892
373,F,F,H,F,H,181,183,112,177,182,0.4853,0.4906,0.3003,0.4745,0.4879
374,H,H,F,F,F,181,183,113,178,183,0.4840,0.4893,0.3021,0.4759,0.4893
375,F,H,F,H,H,182,183,114,178,183,0.4853,0.4880,0.3040,0.4747,0.4880
376,F,H,F,F,H,183,183,115,179,183,0.4867,0.4867,0.3059,0.4761,0.4867
377,F,F,F,H,F,184,184,116,179,184,0.4881,0.4881,0.3077,0.4748,0.4881
378,F,F,H,H,F,185,185,116,179,185,0.4894,0.4894,0.3069,0.4735,0.4894
379,F,F,F,F,H,186,186,117,180,185,0.4908,0.4908,0.3087,0.4749,0.4881
380,F,H,H,H,H,187,186,117,180,185,0.4921,0.4895,0.3079,0.4737,0.4868
381,H,F,H,H,F,187,187,117,180,186,0.4908,0.4908,0.3071,0.4724,0.4882
382,F,H,H,F,F,188,187,117,181,187,0.4921,0.4895,0.3063,0.4738,0.4895
383,F,H,H,F,H,189,187,117,182,187,0.4935,0.4883,0.3055,0.4752,0.4883
384,F,H,F,F,H,190,187,118,183,187,0.4948,0.4870,0.3073,0.4766,0.4870
385,H,F,H,F,H,190,188,118,184,187,0.4935,0.4883,0.3065,0.4779,0.4857
386,H,H,H,F,F,190,188,118,185,188,0.4922,0.4870,0.3057,0.4793,0.4870
387,H,H,H,F,F,190,188,118,186,189,0.4910,0.4858,0.3049,0.4806,0.4884
388,H,H,H,H,F,190,188,118,186,190,0.4897,0.4845,0.3041,0.4794,0.4897
389,H,H,H,F,H,190,188,118,187,190,0.4884,0.4833,0.3033,0.4807,0.4884
390,F,H,H,H,H,191,188,118,187,190,0.4897,0.4821,0.3026,0.4795,0.4872
391,F,F,H,H,F,192,189,118,187,191,0.4910,0.4834,0.3018,0.4783,0.4885
392,H,F,F,H,F,192,190,119,187,192,0.4898,0.4847,0.3036,0.4770,0.4898
393,F,F,H,H,,193,191,119,187,192,0.4911,0.4860,0.3028,0.4758,0.4885
394,H,F,H,F,,193,192,119,188,192,0.4898,0.4873,0.3020,0.4772,0.4873
395,F,H,F,F,,194,192,120,189,192,0.4911,0.4861,0.3038,0.4785,0.4861
396,F,F,F,H,,195,193,121,189,192,0.4924,0.4874,0.3056,0.4773,0.4848
397,F,F,H,F,,196,194,121,190,192,0.4937,0.4887,0.3048,0.4786,0.4836
398,H,H,F,F,,196,194,122,191,192,0.4925,0.4874,0.3065,0.4799,0.4824
399,F,H,H,F,,197,194,122,192,192,0.4937,0.4862,0.3058,0.4812,0.4812
400,F,F,F,F,,198,195,123,193,192,0.4950,0.4875,0.3075,0.4825,0.4800
401,H,H,F,F,,198,195,124,194,192,0.4938,0.4863,0.3092,0.4838,0.4788
402,F,F,F,H,,199,196,125,194,192,0.4950,0.4876,0.3109,0.4826,0.4776
403,H,F,F,F,,199,197,126,195,192,0.4938,0.4888,0.3127,0.4839,0.4764
404,H,F,F,F,,199,198,127,196,192,0.4926,0.4901,0.3144,0.4851,0.4752
405,F,F,F,H,,200,199,128,196,192,0.4938,0.4914,0.3160,0.4840,0.4741
406,F,F,H,,,201,200,128,196,192,0.4951,0.4926,0.3153,,
407,F,H,F,,,202,200,129,196,192,0.4963,0.4914,0.3170,,
408,H,H,H,,,202,200,129,196,192,0.4951,0.4902,0.3162,,
409,H,F,H,,,202,201,129,196,192,0.4939,0.4914,0.3154,,
410,H,H,F,,,202,201,130,196,192,0.4927,0.4902,0.3171,,
411,H,F,H,,,202,202,130,196,192,0.4915,0.4915,0.3163,,
412,H,H,H,,,202,202,130,196,192,0.4903,0.4903,0.3155,,
413,F,F,F,,,203,203,131,196,192,0.4915,0.4915,0.3172,,
414,F,F,H,,,204,204,131,196,192,0.4928,0.4928,0.3164,,
415,F,H,H,,,205,204,131,196,192,0.4940,0.4916,0.3157,,
416,H,H,F,,,205,204,132,196,192,0.4928,0.4904,0.3173,,
417,F,H,F,,,206,204,133,196,192,0.4940,0.4892,0.3189,,
418,F,F,F,,,207,205,134,196,192,0.4952,0.4904,0.3206,,
419,F,H,H,,,208,205,134,196,192,0.4964,0.4893,0.3198,,
420,F,F,H,,,209,206,134,196,192,0.4976,0.4905,0.3190,,
421,F,H,F,,,210,206,135,196,192,0.4988,0.4893,0.3207,,
422,H,H,H,,,210,206,135,196,192,0.4976,0.4882,0.3199,,
423,H,H,F,,,210,206,136,196,192,0.4965,0.4870,0.3215,,
424,F,F,F,,,211,207,137,196,192,0.4976,0.4882,0.3231,,
425,F,F,F,,,212,208,138,196,192,0.4988,0.4894,0.3247,,
426,H,H,F,,,212,208,139,196,192,0.4977,0.4883,0.3263,,
427,F,H,H,,,213,208,139,196,192,0.4988,0.4871,0.3255,,
428,F,H,H,,,214,208,139,196,192,,0.4860,0.3248,,
429,,H,F,,,214,208,140,196,192,,0.4848,,,
430,,H,H,,,214,208,140,196,192,,0.4837,,,
431,,H,F,,,214,208,141,196,192,,0.4826,,,
432,,F,H,,,214,209,141,196,192,,0.4838,,,
433,,F,F,,,214,210,142,196,192,,0.4850,,,
434,,H,F,,,214,210,143,196,192,,0.4839,,,
435,,F,F,,,214,211,144,196,192,,0.4851,,,
436,,F,F,,,214,212,145,196,192,,0.4862,,,
437,,F,H,,,214,213,145,196,192,,0.4874,,,
438,,F,H,,,214,214,145,196,192,,0.4886,,,
439,,H,F,,,214,214,146,196,192,,0.4875,,,
440,,F,H,,,214,215,146,196,192,,0.4886,,,
441,,H,H,,,214,215,146,196,192,,0.4875,,,
442,,F,F,,,214,216,147,196,192,,0.4887,,,
443,,F,F,,,214,217,148,196,192,,0.4898,,,
444,,H,F,,,214,217,149,196,192,,0.4887,,,
445,,H,F,,,214,217,150,196,192,,0.4876,,,
446,,H,F,,,214,217,151,196,192,,0.4865,,,
447,,H,F,,,214,217,152,196,192,,0.4855,,,
448,,H,F,,,214,217,153,196,192,,0.4844,,,
449,,H,F,,,214,217,154,196,192,,0.4833,,,
450,,,F,,,214,217,155,196,192,,0.4822,,,
451,,,H,,,214,217,155,196,192,,0.4812,,,
452,,F,F,,,214,218,156,196,192,,0.4823,,,
453,,H,F,,,214,218,157,196,192,,0.4812,,,
454,,F,F,,,214,219,158,196,192,,0.4824,,,
455,,F,F,,,214,220,159,196,192,,0.4835,,,
456,,F,F,,,214,221,160,196,192,,0.4846,,,
457,,F,H,,,214,222,160,196,192,,0.4858,,,
458,,H,F,,,214,222,161,196,192,,0.4847,,,
459,,H,H,,,214,222,161,196,192,,0.4837,,,
460,,H,F,,,214,222,162,196,192,,0.4826,,,
461,,H,H,,,214,222,162,196,192,,0.4816,,,
462,,F,F,,,214,223,163,196,192,,0.4827,,,
463,,F,F,,,214,224,164,196,192,,0.4838,,,
464,,H,F,,,214,224,165,196,192,,0.4828,,,
465,,H,F,,,214,224,166,196,192,,0.4817,,,
466,,H,H,,,214,224,166,196,192,,0.4807,,,
467,,,F,,,214,224,167,196,192,,0.4797,,,
468,,F,F,,,214,225,168,196,192,,0.4808,,,
469,,F,,,,214,226,168,196,192,,0.4819,,,
470,,F,,,,214,227,168,196,192,,0.4830,,,
471,,F,,,,214,228,168,196,192,,0.4841,,,
472,,F,,,,214,229,168,196,192,,0.4852,,,
473,,F,,,,214,230,168,196,192,,0.4863,,,
474,,H,,,,214,230,168,196,192,,0.4852,,,
475,,H,,,,214,230,168,196,192,,0.4842,,,
476,,F,,,,214,231,168,196,192,,0.4853,,,
477,,F,,,,214,232,168,196,192,,0.4864,,,
478,,F,,,,214,233,168,196,192,,0.4874,,,
479,,F,,,,214,234,168,196,192,,0.4885,,,
480,,F,,,,214,235,168,196,192,,0.4896,,,
481,,H,,,,214,235,168,196,192,,0.4886,,,
482,,H,,,,214,235,168,196,192,,0.4876,,,
483,,H,,,,214,235,168,196,192,,0.4865,,,
484,,F,,,,214,236,168,196,192,,0.4876,,,
485,,F,,,,214,237,168,196,192,,0.4887,,,
486,,H,,,,214,237,168,196,192,,0.4877,,,
487,,F,,,,214,238,168,196,192,,0.4887,,,
488,,F,,,,214,239,168,196,192,,0.4898,,,
489,,H,,,,214,239,168,196,192,,0.4888,,,
490,,F,,,,214,240,168,196,192,,0.4898,,,
491,,H,,,,214,240,168,196,192,,0.4888,,,
492,,H,,,,214,240,168,196,192,,0.4878,,,
493,,F,,,,214,241,168,196,192,,0.4888,,,
494,,H,,,,214,241,168,196,192,,0.4879,,,
495,,F,,,,214,242,168,196,192,,0.4889,,,
496,,H,,,,214,242,168,196,192,,0.4879,,,
497,,H,,,,214,242,168,196,192,,0.4869,,,
498,,F,,,,214,243,168,196,192,,0.4880,,,
499,,F,,,,214,244,168,196,192,,0.4890,,,
500,,H,,,,214,244,168,196,192,,0.4880,,,
501,,H,,,,214,244,168,196,192,,0.4870,,,
502,,F,,,,214,245,168,196,192,,0.4880,,,
503,,F,,,,214,246,168,196,192,,0.4891,,,
504,,F,,,,214,247,168,196,192,,0.4901,,,
505,,F,,,,214,248,168,196,192,,0.4911,,,
506,,H,,,,214,248,168,196,192,,0.4901,,,
507,,F,,,,214,249,168,196,192,,0.4911,,,
508,,H,,,,214,249,168,196,192,,0.4902,,,
509,,H,,,,214,249,168,196,192,,0.4892,,,
510,,H,,,,214,249,168,196,192,,0.4882,,,
511,,F,,,,214,250,168,196,192,,0.4892,,,
512,,F,,,,214,251,168,196,192,,0.4902,,,
513,,F,,,,214,252,168,196,192,,0.4912,,,