Top,H/F EM,NB f EM,Prop F EM,H/F LFI,NB f LFI,Prop F LFI,H/F LR,NB f LR,Prop F LR,H/F FN,NB f FN,Prop F FN,H/F PS,NB f PS,Prop F PS
1,H,0.0,0.0,H,0,0.0,H,0.0,0.0,H,0.0,0.0,F,1.0,1.0
2,H,0.0,0.0,H,0,0.0,F,1.0,0.5,H,0.0,0.0,F,2.0,1.0
3,H,0.0,0.0,H,0,0.0,H,1.0,0.3333333333333333,H,0.0,0.0,F,3.0,1.0
4,F,1.0,0.25,H,0,0.0,H,1.0,0.25,H,0.0,0.0,H,3.0,0.75
5,H,1.0,0.2,H,0,0.0,H,1.0,0.2,H,0.0,0.0,F,4.0,0.8
6,F,2.0,0.3333333333333333,H,0,0.0,H,1.0,0.16666666666666666,H,0.0,0.0,F,5.0,0.8333333333333334
7,H,2.0,0.2857142857142857,H,0,0.0,F,2.0,0.2857142857142857,H,0.0,0.0,F,6.0,0.8571428571428571
8,H,2.0,0.25,F,1,0.125,H,2.0,0.25,F,1.0,0.125,H,6.0,0.75
9,F,3.0,0.3333333333333333,H,1,0.1111111111111111,H,2.0,0.2222222222222222,H,1.0,0.1111111111111111,H,6.0,0.6666666666666666
10,H,3.0,0.3,F,2,0.2,H,2.0,0.2,F,2.0,0.2,H,6.0,0.6
11,H,3.0,0.2727272727272727,F,3,0.2727272727272727,H,2.0,0.18181818181818182,H,2.0,0.18181818181818182,H,6.0,0.5454545454545454
12,F,4.0,0.3333333333333333,F,4,0.3333333333333333,H,2.0,0.16666666666666666,H,2.0,0.16666666666666666,H,6.0,0.5
13,F,5.0,0.38461538461538464,F,5,0.38461538461538464,H,2.0,0.15384615384615385,F,3.0,0.23076923076923078,F,7.0,0.5384615384615384
14,F,6.0,0.42857142857142855,F,6,0.42857142857142855,H,2.0,0.14285714285714285,H,3.0,0.21428571428571427,F,8.0,0.5714285714285714
15,F,7.0,0.4666666666666667,H,6,0.4,H,2.0,0.13333333333333333,H,3.0,0.2,F,9.0,0.6
16,H,7.0,0.4375,F,7,0.4375,H,2.0,0.125,F,4.0,0.25,H,9.0,0.5625
17,H,7.0,0.4117647058823529,H,7,0.4117647058823529,H,2.0,0.11764705882352941,H,4.0,0.23529411764705882,F,10.0,0.5882352941176471
18,F,8.0,0.4444444444444444,F,8,0.4444444444444444,H,2.0,0.1111111111111111,F,5.0,0.2777777777777778,H,10.0,0.5555555555555556
19,H,8.0,0.42105263157894735,H,8,0.42105263157894735,H,2.0,0.10526315789473684,H,5.0,0.2631578947368421,F,11.0,0.5789473684210527
20,F,9.0,0.45,F,9,0.45,H,2.0,0.1,F,6.0,0.3,H,11.0,0.55
21,H,9.0,0.42857142857142855,H,9,0.42857142857142855,H,2.0,0.09523809523809523,F,7.0,0.3333333333333333,F,12.0,0.5714285714285714
22,H,9.0,0.4090909090909091,H,9,0.4090909090909091,H,2.0,0.09090909090909091,H,7.0,0.3181818181818182,F,13.0,0.5909090909090909
23,H,9.0,0.391304347826087,H,9,0.391304347826087,F,3.0,0.13043478260869565,H,7.0,0.30434782608695654,H,13.0,0.5652173913043478
24,H,9.0,0.375,H,9,0.375,H,3.0,0.125,F,8.0,0.3333333333333333,H,13.0,0.5416666666666666
25,F,10.0,0.4,F,10,0.4,H,3.0,0.12,H,8.0,0.32,F,14.0,0.56
26,H,10.0,0.38461538461538464,H,10,0.38461538461538464,H,3.0,0.11538461538461539,F,9.0,0.34615384615384615,F,15.0,0.5769230769230769
27,H,10.0,0.37037037037037035,H,10,0.37037037037037035,F,4.0,0.14814814814814814,F,10.0,0.37037037037037035,F,16.0,0.5925925925925926
28,H,10.0,0.35714285714285715,F,11,0.39285714285714285,H,4.0,0.14285714285714285,H,10.0,0.35714285714285715,H,16.0,0.5714285714285714
29,F,11.0,0.3793103448275862,H,11,0.3793103448275862,H,4.0,0.13793103448275862,H,10.0,0.3448275862068966,F,17.0,0.5862068965517241
30,H,11.0,0.36666666666666664,H,11,0.36666666666666664,H,4.0,0.13333333333333333,H,10.0,0.3333333333333333,H,17.0,0.5666666666666667
31,F,12.0,0.3870967741935484,F,12,0.3870967741935484,F,5.0,0.16129032258064516,H,10.0,0.3225806451612903,H,17.0,0.5483870967741935
32,F,13.0,0.40625,F,13,0.40625,F,6.0,0.1875,F,11.0,0.34375,H,17.0,0.53125
33,F,14.0,0.42424242424242425,H,13,0.3939393939393939,H,6.0,0.18181818181818182,H,11.0,0.3333333333333333,H,17.0,0.5151515151515151
34,F,15.0,0.4411764705882353,F,14,0.4117647058823529,F,7.0,0.20588235294117646,H,11.0,0.3235294117647059,F,18.0,0.5294117647058824
35,H,15.0,0.42857142857142855,F,15,0.42857142857142855,H,7.0,0.2,H,11.0,0.3142857142857143,H,18.0,0.5142857142857142
36,F,16.0,0.4444444444444444,H,15,0.4166666666666667,H,7.0,0.19444444444444445,F,12.0,0.3333333333333333,H,18.0,0.5
37,H,16.0,0.43243243243243246,F,16,0.43243243243243246,H,7.0,0.1891891891891892,H,12.0,0.32432432432432434,H,18.0,0.4864864864864865
38,F,17.0,0.4473684210526316,H,16,0.42105263157894735,F,8.0,0.21052631578947367,H,12.0,0.3157894736842105,H,18.0,0.47368421052631576
39,F,18.0,0.46153846153846156,F,17,0.4358974358974359,F,9.0,0.23076923076923078,H,12.0,0.3076923076923077,F,19.0,0.48717948717948717
40,F,19.0,0.475,H,17,0.425,H,9.0,0.225,F,13.0,0.325,F,20.0,0.5
41,H,19.0,0.4634146341463415,H,17,0.4146341463414634,F,10.0,0.24390243902439024,F,14.0,0.34146341463414637,H,20.0,0.4878048780487805
42,F,20.0,0.47619047619047616,H,17,0.40476190476190477,F,11.0,0.2619047619047619,F,15.0,0.35714285714285715,H,20.0,0.47619047619047616
43,H,20.0,0.46511627906976744,F,18,0.4186046511627907,H,11.0,0.2558139534883721,H,15.0,0.3488372093023256,H,20.0,0.46511627906976744
44,H,20.0,0.45454545454545453,H,18,0.4090909090909091,H,11.0,0.25,F,16.0,0.36363636363636365,H,20.0,0.45454545454545453
45,F,21.0,0.4666666666666667,H,18,0.4,F,12.0,0.26666666666666666,H,16.0,0.35555555555555557,F,21.0,0.4666666666666667
46,F,22.0,0.4782608695652174,H,18,0.391304347826087,F,13.0,0.2826086956521739,F,17.0,0.3695652173913043,H,21.0,0.45652173913043476
47,F,23.0,0.48936170212765956,H,18,0.3829787234042553,H,13.0,0.2765957446808511,F,18.0,0.3829787234042553,H,21.0,0.44680851063829785
48,F,24.0,0.5,F,19,0.3958333333333333,H,13.0,0.2708333333333333,H,18.0,0.375,F,22.0,0.4583333333333333
49,H,24.0,0.4897959183673469,F,20,0.40816326530612246,H,13.0,0.2653061224489796,H,18.0,0.3673469387755102,H,22.0,0.4489795918367347
50,H,24.0,0.48,F,21,0.42,H,13.0,0.26,H,18.0,0.36,F,23.0,0.46
51,F,25.0,0.49019607843137253,F,22,0.43137254901960786,H,13.0,0.2549019607843137,F,19.0,0.37254901960784315,F,24.0,0.47058823529411764
52,F,26.0,0.5,F,23,0.4423076923076923,H,13.0,0.25,H,19.0,0.36538461538461536,H,24.0,0.46153846153846156
53,F,27.0,0.5094339622641509,H,23,0.4339622641509434,H,13.0,0.24528301886792453,F,20.0,0.37735849056603776,F,25.0,0.4716981132075472
54,H,27.0,0.5,F,24,0.4444444444444444,H,13.0,0.24074074074074073,F,21.0,0.3888888888888889,H,25.0,0.46296296296296297
55,F,28.0,0.509090909090909,F,25,0.45454545454545453,H,13.0,0.23636363636363636,F,22.0,0.4,H,25.0,0.45454545454545453
56,H,28.0,0.5,F,26,0.4642857142857143,F,14.0,0.25,H,22.0,0.39285714285714285,H,25.0,0.44642857142857145
57,F,29.0,0.5087719298245614,H,26,0.45614035087719296,F,15.0,0.2631578947368421,F,23.0,0.40350877192982454,H,25.0,0.43859649122807015
58,F,30.0,0.5172413793103449,F,27,0.46551724137931033,H,15.0,0.25862068965517243,H,23.0,0.39655172413793105,H,25.0,0.43103448275862066
59,H,30.0,0.5084745762711864,H,27,0.4576271186440678,H,15.0,0.2542372881355932,H,23.0,0.3898305084745763,H,25.0,0.423728813559322
60,F,31.0,0.5166666666666667,H,27,0.45,H,15.0,0.25,H,23.0,0.38333333333333336,F,26.0,0.43333333333333335
61,F,32.0,0.5245901639344263,H,27,0.4426229508196721,H,15.0,0.2459016393442623,H,23.0,0.3770491803278688,H,26.0,0.4262295081967213
62,H,32.0,0.5161290322580645,H,27,0.43548387096774194,H,15.0,0.24193548387096775,H,23.0,0.3709677419354839,F,27.0,0.43548387096774194
63,H,32.0,0.5079365079365079,H,27,0.42857142857142855,H,15.0,0.23809523809523808,H,23.0,0.36507936507936506,F,28.0,0.4444444444444444
64,F,33.0,0.515625,F,28,0.4375,H,15.0,0.234375,H,23.0,0.359375,H,28.0,0.4375
65,F,34.0,0.5230769230769231,F,29,0.4461538461538462,H,15.0,0.23076923076923078,H,23.0,0.35384615384615387,F,29.0,0.4461538461538462
66,F,35.0,0.5303030303030303,H,29,0.4393939393939394,H,15.0,0.22727272727272727,H,23.0,0.3484848484848485,F,30.0,0.45454545454545453
67,F,36.0,0.5373134328358209,H,29,0.43283582089552236,H,15.0,0.22388059701492538,F,24.0,0.3582089552238806,H,30.0,0.44776119402985076
68,F,37.0,0.5441176470588235,H,29,0.4264705882352941,F,16.0,0.23529411764705882,F,25.0,0.36764705882352944,H,30.0,0.4411764705882353
69,F,38.0,0.5507246376811594,H,29,0.42028985507246375,F,17.0,0.2463768115942029,H,25.0,0.36231884057971014,F,31.0,0.4492753623188406
70,F,39.0,0.5571428571428572,H,29,0.4142857142857143,F,18.0,0.2571428571428571,H,25.0,0.35714285714285715,H,31.0,0.44285714285714284
71,H,39.0,0.5492957746478874,H,29,0.4084507042253521,H,18.0,0.2535211267605634,H,25.0,0.352112676056338,F,32.0,0.4507042253521127
72,F,40.0,0.5555555555555556,F,30,0.4166666666666667,H,18.0,0.25,H,25.0,0.3472222222222222,H,32.0,0.4444444444444444
73,H,40.0,0.547945205479452,F,31,0.4246575342465753,H,18.0,0.2465753424657534,F,26.0,0.3561643835616438,F,33.0,0.4520547945205479
74,H,40.0,0.5405405405405406,H,31,0.4189189189189189,H,18.0,0.24324324324324326,H,26.0,0.35135135135135137,H,33.0,0.44594594594594594
75,H,40.0,0.5333333333333333,H,31,0.41333333333333333,H,18.0,0.24,H,26.0,0.3466666666666667,H,33.0,0.44
76,F,41.0,0.5394736842105263,H,31,0.40789473684210525,H,18.0,0.23684210526315788,H,26.0,0.34210526315789475,H,33.0,0.4342105263157895
77,H,41.0,0.5324675324675324,F,32,0.4155844155844156,F,19.0,0.24675324675324675,H,26.0,0.33766233766233766,H,33.0,0.42857142857142855
78,F,42.0,0.5384615384615384,H,32,0.41025641025641024,H,19.0,0.24358974358974358,H,26.0,0.3333333333333333,F,34.0,0.4358974358974359
79,H,42.0,0.5316455696202531,F,33,0.4177215189873418,H,19.0,0.24050632911392406,F,27.0,0.34177215189873417,H,34.0,0.43037974683544306
80,H,42.0,0.525,F,34,0.425,F,20.0,0.25,H,27.0,0.3375,H,34.0,0.425
81,F,43.0,0.5308641975308642,F,35,0.43209876543209874,H,20.0,0.24691358024691357,H,27.0,0.3333333333333333,F,35.0,0.43209876543209874
82,H,43.0,0.524390243902439,F,36,0.43902439024390244,F,21.0,0.25609756097560976,H,27.0,0.32926829268292684,H,35.0,0.4268292682926829
83,H,43.0,0.5180722891566265,F,37,0.4457831325301205,F,22.0,0.26506024096385544,F,28.0,0.3373493975903614,H,35.0,0.42168674698795183
84,F,44.0,0.5238095238095238,H,37,0.44047619047619047,H,22.0,0.2619047619047619,H,28.0,0.3333333333333333,F,36.0,0.42857142857142855
85,H,44.0,0.5176470588235295,H,37,0.43529411764705883,H,22.0,0.25882352941176473,H,28.0,0.32941176470588235,H,36.0,0.4235294117647059
86,F,45.0,0.5232558139534884,H,37,0.43023255813953487,H,22.0,0.2558139534883721,H,28.0,0.32558139534883723,F,37.0,0.43023255813953487
87,H,45.0,0.5172413793103449,H,37,0.42528735632183906,H,22.0,0.25287356321839083,H,28.0,0.3218390804597701,F,38.0,0.4367816091954023
88,H,45.0,0.5113636363636364,F,38,0.4318181818181818,H,22.0,0.25,H,28.0,0.3181818181818182,H,38.0,0.4318181818181818
89,F,46.0,0.5168539325842697,H,38,0.42696629213483145,H,22.0,0.24719101123595505,H,28.0,0.3146067415730337,F,39.0,0.43820224719101125
90,F,47.0,0.5222222222222223,F,39,0.43333333333333335,F,23.0,0.25555555555555554,H,28.0,0.3111111111111111,F,40.0,0.4444444444444444
91,H,47.0,0.5164835164835165,H,39,0.42857142857142855,H,23.0,0.25274725274725274,F,29.0,0.31868131868131866,F,41.0,0.45054945054945056
92,H,47.0,0.5108695652173914,H,39,0.42391304347826086,H,23.0,0.25,F,30.0,0.32608695652173914,F,42.0,0.45652173913043476
93,F,48.0,0.5161290322580645,H,39,0.41935483870967744,F,24.0,0.25806451612903225,F,31.0,0.3333333333333333,H,42.0,0.45161290322580644
94,H,48.0,0.5106382978723404,F,40,0.425531914893617,H,24.0,0.2553191489361702,F,32.0,0.3404255319148936,H,42.0,0.44680851063829785
95,H,48.0,0.5052631578947369,H,40,0.42105263157894735,H,24.0,0.25263157894736843,F,33.0,0.3473684210526316,H,42.0,0.4421052631578947
96,F,49.0,0.5104166666666666,F,41,0.4270833333333333,F,25.0,0.2604166666666667,F,34.0,0.3541666666666667,H,42.0,0.4375
97,H,49.0,0.5051546391752577,F,42,0.4329896907216495,H,25.0,0.25773195876288657,F,35.0,0.36082474226804123,H,42.0,0.4329896907216495
98,H,49.0,0.5,F,43,0.4387755102040816,H,25.0,0.25510204081632654,H,35.0,0.35714285714285715,F,43.0,0.4387755102040816
99,H,49.0,0.494949494949495,F,44,0.4444444444444444,H,25.0,0.25252525252525254,F,36.0,0.36363636363636365,H,43.0,0.43434343434343436
100,H,49.0,0.49,F,45,0.45,H,25.0,0.25,F,37.0,0.37,H,43.0,0.43
101,F,50.0,0.49504950495049505,H,45,0.44554455445544555,H,25.0,0.24752475247524752,F,38.0,0.37623762376237624,H,43.0,0.42574257425742573
102,F,51.0,0.5,H,45,0.4411764705882353,H,25.0,0.24509803921568626,F,39.0,0.38235294117647056,F,44.0,0.43137254901960786
103,H,51.0,0.49514563106796117,H,45,0.4368932038834951,H,25.0,0.24271844660194175,F,40.0,0.3883495145631068,F,45.0,0.4368932038834951
104,H,51.0,0.49038461538461536,H,45,0.4326923076923077,H,25.0,0.2403846153846154,F,41.0,0.3942307692307692,F,46.0,0.4423076923076923
105,F,52.0,0.49523809523809526,H,45,0.42857142857142855,H,25.0,0.23809523809523808,F,42.0,0.4,H,46.0,0.4380952380952381
106,H,52.0,0.49056603773584906,F,46,0.4339622641509434,H,25.0,0.2358490566037736,F,43.0,0.4056603773584906,F,47.0,0.44339622641509435
107,H,52.0,0.48598130841121495,H,46,0.42990654205607476,F,26.0,0.24299065420560748,F,44.0,0.411214953271028,F,48.0,0.4485981308411215
108,F,53.0,0.49074074074074076,F,47,0.4351851851851852,H,26.0,0.24074074074074073,H,44.0,0.4074074074074074,F,49.0,0.4537037037037037
109,F,54.0,0.4954128440366973,F,48,0.44036697247706424,H,26.0,0.23853211009174313,F,45.0,0.41284403669724773,F,50.0,0.45871559633027525
110,F,55.0,0.5,H,48,0.43636363636363634,H,26.0,0.23636363636363636,H,45.0,0.4090909090909091,H,50.0,0.45454545454545453
111,H,55.0,0.4954954954954955,H,48,0.43243243243243246,H,26.0,0.23423423423423423,F,46.0,0.4144144144144144,F,51.0,0.4594594594594595
112,F,56.0,0.5,H,48,0.42857142857142855,F,27.0,0.24107142857142858,H,46.0,0.4107142857142857,F,52.0,0.4642857142857143
113,H,56.0,0.49557522123893805,H,48,0.4247787610619469,H,27.0,0.23893805309734514,F,47.0,0.415929203539823,F,53.0,0.4690265486725664
114,F,57.0,0.5,H,48,0.42105263157894735,F,28.0,0.24561403508771928,F,48.0,0.42105263157894735,H,53.0,0.4649122807017544
115,F,58.0,0.5043478260869565,F,49,0.4260869565217391,H,28.0,0.24347826086956523,F,49.0,0.4260869565217391,H,53.0,0.4608695652173913
116,H,58.0,0.5,H,49,0.4224137931034483,H,28.0,0.2413793103448276,F,50.0,0.43103448275862066,H,53.0,0.45689655172413796
117,H,58.0,0.49572649572649574,F,50,0.42735042735042733,H,28.0,0.23931623931623933,H,50.0,0.42735042735042733,F,54.0,0.46153846153846156
118,H,58.0,0.4915254237288136,F,51,0.4322033898305085,F,29.0,0.2457627118644068,F,51.0,0.4322033898305085,F,55.0,0.4661016949152542
119,F,59.0,0.4957983193277311,H,51,0.42857142857142855,H,29.0,0.24369747899159663,H,51.0,0.42857142857142855,F,56.0,0.47058823529411764
120,F,60.0,0.5,F,52,0.43333333333333335,H,29.0,0.24166666666666667,H,51.0,0.425,H,56.0,0.4666666666666667
121,F,61.0,0.5041322314049587,H,52,0.4297520661157025,H,29.0,0.2396694214876033,F,52.0,0.4297520661157025,F,57.0,0.47107438016528924
122,F,62.0,0.5081967213114754,F,53,0.4344262295081967,H,29.0,0.23770491803278687,H,52.0,0.4262295081967213,F,58.0,0.47540983606557374
123,F,63.0,0.5121951219512195,F,54,0.43902439024390244,H,29.0,0.23577235772357724,H,52.0,0.42276422764227645,H,58.0,0.4715447154471545
124,H,63.0,0.5080645161290323,F,55,0.4435483870967742,H,29.0,0.23387096774193547,F,53.0,0.4274193548387097,F,59.0,0.47580645161290325
125,F,64.0,0.512,H,55,0.44,H,29.0,0.232,F,54.0,0.432,F,60.0,0.48
126,H,64.0,0.5079365079365079,H,55,0.4365079365079365,F,30.0,0.23809523809523808,H,54.0,0.42857142857142855,H,60.0,0.47619047619047616
127,H,64.0,0.5039370078740157,H,55,0.4330708661417323,F,31.0,0.2440944881889764,F,55.0,0.4330708661417323,F,61.0,0.48031496062992124
128,H,64.0,0.5,F,56,0.4375,H,31.0,0.2421875,F,56.0,0.4375,H,61.0,0.4765625
129,F,65.0,0.5038759689922481,H,56,0.43410852713178294,H,31.0,0.24031007751937986,H,56.0,0.43410852713178294,F,62.0,0.4806201550387597
130,F,66.0,0.5076923076923077,H,56,0.4307692307692308,H,31.0,0.23846153846153847,H,56.0,0.4307692307692308,H,62.0,0.47692307692307695
131,H,66.0,0.5038167938931297,F,57,0.4351145038167939,H,31.0,0.2366412213740458,H,56.0,0.42748091603053434,F,63.0,0.48091603053435117
132,F,67.0,0.5075757575757576,H,57,0.4318181818181818,H,31.0,0.23484848484848486,H,56.0,0.42424242424242425,F,64.0,0.48484848484848486
133,H,67.0,0.5037593984962406,F,58,0.43609022556390975,H,31.0,0.23308270676691728,H,56.0,0.42105263157894735,H,64.0,0.48120300751879697
134,H,67.0,0.5,F,59,0.44029850746268656,H,31.0,0.23134328358208955,F,57.0,0.4253731343283582,H,64.0,0.47761194029850745
135,F,68.0,0.5037037037037037,H,59,0.43703703703703706,H,31.0,0.22962962962962963,F,58.0,0.42962962962962964,F,65.0,0.48148148148148145
136,H,68.0,0.5,H,59,0.4338235294117647,H,31.0,0.22794117647058823,F,59.0,0.4338235294117647,F,66.0,0.4852941176470588
137,F,69.0,0.5036496350364964,F,60,0.43795620437956206,H,31.0,0.22627737226277372,F,60.0,0.43795620437956206,H,66.0,0.48175182481751827
138,H,69.0,0.5,H,60,0.43478260869565216,F,32.0,0.2318840579710145,H,60.0,0.43478260869565216,F,67.0,0.4855072463768116
139,H,69.0,0.49640287769784175,F,61,0.43884892086330934,F,33.0,0.23741007194244604,H,60.0,0.4316546762589928,F,68.0,0.4892086330935252
140,H,69.0,0.4928571428571429,H,61,0.4357142857142857,H,33.0,0.2357142857142857,H,60.0,0.42857142857142855,H,68.0,0.4857142857142857
141,F,70.0,0.49645390070921985,F,62,0.4397163120567376,H,33.0,0.23404255319148937,F,61.0,0.4326241134751773,H,68.0,0.48226950354609927
142,H,70.0,0.49295774647887325,F,63,0.44366197183098594,H,33.0,0.2323943661971831,F,62.0,0.43661971830985913,F,69.0,0.4859154929577465
143,H,70.0,0.48951048951048953,F,64,0.44755244755244755,H,33.0,0.23076923076923078,H,62.0,0.43356643356643354,H,69.0,0.4825174825174825
144,H,70.0,0.4861111111111111,H,64,0.4444444444444444,H,33.0,0.22916666666666666,H,62.0,0.4305555555555556,F,70.0,0.4861111111111111
145,F,71.0,0.4896551724137931,H,64,0.4413793103448276,H,33.0,0.22758620689655173,H,62.0,0.42758620689655175,H,70.0,0.4827586206896552
146,F,72.0,0.4931506849315068,F,65,0.4452054794520548,H,33.0,0.22602739726027396,F,63.0,0.4315068493150685,H,70.0,0.4794520547945205
147,F,73.0,0.4965986394557823,F,66,0.4489795918367347,H,33.0,0.22448979591836735,H,63.0,0.42857142857142855,H,70.0,0.47619047619047616
148,H,73.0,0.49324324324324326,F,67,0.4527027027027027,H,33.0,0.22297297297297297,F,64.0,0.43243243243243246,H,70.0,0.47297297297297297
149,H,73.0,0.4899328859060403,H,67,0.44966442953020136,F,34.0,0.22818791946308725,H,64.0,0.42953020134228187,F,71.0,0.47651006711409394
150,F,74.0,0.49333333333333335,F,68,0.4533333333333333,F,35.0,0.23333333333333334,H,64.0,0.4266666666666667,F,72.0,0.48
151,H,74.0,0.4900662251655629,H,68,0.4503311258278146,H,35.0,0.23178807947019867,F,65.0,0.4304635761589404,F,73.0,0.48344370860927155
152,F,75.0,0.4934210526315789,H,68,0.4473684210526316,H,35.0,0.23026315789473684,F,66.0,0.4342105263157895,H,73.0,0.48026315789473684
153,H,75.0,0.49019607843137253,H,68,0.4444444444444444,F,36.0,0.23529411764705882,H,66.0,0.43137254901960786,F,74.0,0.48366013071895425
154,H,75.0,0.487012987012987,F,69,0.44805194805194803,H,36.0,0.23376623376623376,H,66.0,0.42857142857142855,H,74.0,0.4805194805194805
155,F,76.0,0.49032258064516127,H,69,0.44516129032258067,F,37.0,0.23870967741935484,F,67.0,0.432258064516129,H,74.0,0.4774193548387097
156,H,76.0,0.48717948717948717,H,69,0.4423076923076923,H,37.0,0.23717948717948717,H,67.0,0.42948717948717946,F,75.0,0.4807692307692308
157,H,76.0,0.4840764331210191,F,70,0.445859872611465,H,37.0,0.2356687898089172,H,67.0,0.4267515923566879,H,75.0,0.47770700636942676
158,F,77.0,0.4873417721518987,F,71,0.44936708860759494,H,37.0,0.23417721518987342,H,67.0,0.4240506329113924,F,76.0,0.4810126582278481
159,F,78.0,0.49056603773584906,H,71,0.44654088050314467,F,38.0,0.2389937106918239,F,68.0,0.4276729559748428,H,76.0,0.4779874213836478
160,F,79.0,0.49375,H,71,0.44375,H,38.0,0.2375,F,69.0,0.43125,H,76.0,0.475
161,F,80.0,0.4968944099378882,F,72,0.4472049689440994,F,39.0,0.2422360248447205,F,70.0,0.43478260869565216,H,76.0,0.4720496894409938
162,F,81.0,0.5,F,73,0.4506172839506173,H,39.0,0.24074074074074073,H,70.0,0.43209876543209874,F,77.0,0.47530864197530864
163,H,81.0,0.49693251533742333,H,73,0.44785276073619634,F,40.0,0.24539877300613497,F,71.0,0.43558282208588955,F,78.0,0.4785276073619632
164,H,81.0,0.49390243902439024,H,73,0.4451219512195122,H,40.0,0.24390243902439024,F,72.0,0.43902439024390244,F,79.0,0.4817073170731707
165,F,82.0,0.49696969696969695,F,74,0.4484848484848485,H,40.0,0.24242424242424243,F,73.0,0.44242424242424244,H,79.0,0.47878787878787876
166,F,83.0,0.5,F,75,0.45180722891566266,H,40.0,0.24096385542168675,F,74.0,0.4457831325301205,F,80.0,0.4819277108433735
167,F,84.0,0.5029940119760479,H,75,0.4491017964071856,H,40.0,0.23952095808383234,H,74.0,0.4431137724550898,F,81.0,0.48502994011976047
168,F,85.0,0.5059523809523809,H,75,0.44642857142857145,F,41.0,0.24404761904761904,H,74.0,0.44047619047619047,F,82.0,0.4880952380952381
169,F,86.0,0.5088757396449705,F,76,0.44970414201183434,H,41.0,0.24260355029585798,F,75.0,0.4437869822485207,H,82.0,0.48520710059171596
170,H,86.0,0.5058823529411764,F,77,0.45294117647058824,H,41.0,0.2411764705882353,F,76.0,0.4470588235294118,F,83.0,0.48823529411764705
171,F,87.0,0.5087719298245614,H,77,0.4502923976608187,F,42.0,0.24561403508771928,H,76.0,0.4444444444444444,F,84.0,0.49122807017543857
172,F,88.0,0.5116279069767442,F,78,0.45348837209302323,H,42.0,0.2441860465116279,H,76.0,0.4418604651162791,H,84.0,0.4883720930232558
173,F,89.0,0.5144508670520231,,78,0.4508670520231214,H,42.0,0.24277456647398843,F,77.0,0.44508670520231214,H,84.0,0.48554913294797686
174,F,90.0,0.5172413793103449,F,79,0.4540229885057471,H,42.0,0.2413793103448276,F,78.0,0.4482758620689655,H,84.0,0.4827586206896552
175,H,90.0,0.5142857142857142,F,80,0.45714285714285713,H,42.0,0.24,F,79.0,0.4514285714285714,F,85.0,0.4857142857142857
176,H,90.0,0.5113636363636364,F,81,0.4602272727272727,H,42.0,0.23863636363636365,H,79.0,0.44886363636363635,H,85.0,0.48295454545454547
177,H,90.0,0.5084745762711864,F,82,0.4632768361581921,H,42.0,0.23728813559322035,H,79.0,0.4463276836158192,F,86.0,0.4858757062146893
178,H,90.0,0.5056179775280899,H,82,0.4606741573033708,F,43.0,0.24157303370786518,H,79.0,0.4438202247191011,H,86.0,0.48314606741573035
179,F,91.0,0.5083798882681564,F,83,0.46368715083798884,H,43.0,0.24022346368715083,F,80.0,0.44692737430167595,H,86.0,0.48044692737430167
180,F,92.0,0.5111111111111111,H,83,0.46111111111111114,F,44.0,0.24444444444444444,H,80.0,0.4444444444444444,H,86.0,0.4777777777777778
181,H,92.0,0.5082872928176796,F,84,0.46408839779005523,H,44.0,0.2430939226519337,F,81.0,0.44751381215469616,F,87.0,0.48066298342541436
182,H,92.0,0.5054945054945055,F,85,0.46703296703296704,F,45.0,0.24725274725274726,H,81.0,0.44505494505494503,H,87.0,0.47802197802197804
183,F,93.0,0.5081967213114754,F,86,0.46994535519125685,F,46.0,0.25136612021857924,H,81.0,0.4426229508196721,H,87.0,0.47540983606557374
184,H,93.0,0.5054347826086957,F,87,0.47282608695652173,H,46.0,0.25,F,82.0,0.44565217391304346,H,87.0,0.47282608695652173
185,F,94.0,0.5081081081081081,F,88,0.4756756756756757,H,46.0,0.24864864864864866,H,82.0,0.44324324324324327,F,88.0,0.4756756756756757
186,F,95.0,0.510752688172043,H,88,0.4731182795698925,H,46.0,0.24731182795698925,H,82.0,0.44086021505376344,F,89.0,0.478494623655914
187,F,96.0,0.5133689839572193,F,89,0.47593582887700536,F,47.0,0.25133689839572193,H,82.0,0.4385026737967914,F,90.0,0.48128342245989303
188,H,96.0,0.5106382978723404,F,90,0.4787234042553192,H,47.0,0.25,H,82.0,0.43617021276595747,H,90.0,0.4787234042553192
189,F,97.0,0.5132275132275133,F,91,0.48148148148148145,H,47.0,0.24867724867724866,H,82.0,0.43386243386243384,H,90.0,0.47619047619047616
190,H,97.0,0.5105263157894737,H,91,0.4789473684210526,H,47.0,0.24736842105263157,F,83.0,0.4368421052631579,F,91.0,0.4789473684210526
191,F,98.0,0.5130890052356021,H,91,0.47643979057591623,H,47.0,0.24607329842931938,H,83.0,0.43455497382198954,H,91.0,0.47643979057591623
192,F,99.0,0.515625,H,91,0.4739583333333333,H,47.0,0.24479166666666666,F,84.0,0.4375,F,92.0,0.4791666666666667
193,F,100.0,0.5181347150259067,H,91,0.47150259067357514,H,47.0,0.24352331606217617,H,84.0,0.43523316062176165,H,92.0,0.47668393782383417
194,H,100.0,0.5154639175257731,H,91,0.4690721649484536,H,47.0,0.2422680412371134,F,85.0,0.4381443298969072,H,92.0,0.4742268041237113
195,H,100.0,0.5128205128205128,H,91,0.4666666666666667,F,48.0,0.24615384615384617,H,85.0,0.4358974358974359,H,92.0,0.4717948717948718
196,H,100.0,0.5102040816326531,F,92,0.46938775510204084,H,48.0,0.24489795918367346,H,85.0,0.4336734693877551,F,93.0,0.4744897959183674
197,H,100.0,0.5076142131979695,F,93,0.4720812182741117,F,49.0,0.24873096446700507,H,85.0,0.43147208121827413,H,93.0,0.4720812182741117
198,F,101.0,0.51010101010101,H,93,0.4696969696969697,H,49.0,0.2474747474747475,H,85.0,0.4292929292929293,H,93.0,0.4696969696969697
199,H,101.0,0.507537688442211,F,94,0.4723618090452261,F,50.0,0.25125628140703515,H,85.0,0.4271356783919598,H,93.0,0.46733668341708545
200,H,101.0,0.505,F,95,0.475,F,51.0,0.255,F,86.0,0.43,F,94.0,0.47
201,F,102.0,0.5074626865671642,H,95,0.472636815920398,H,51.0,0.2537313432835821,H,86.0,0.42786069651741293,H,94.0,0.46766169154228854
202,H,102.0,0.504950495049505,F,96,0.4752475247524752,H,51.0,0.2524752475247525,F,87.0,0.4306930693069307,H,94.0,0.46534653465346537
203,F,103.0,0.5073891625615764,F,97,0.47783251231527096,F,52.0,0.2561576354679803,H,87.0,0.42857142857142855,F,95.0,0.46798029556650245
204,F,104.0,0.5098039215686274,H,97,0.47549019607843135,H,52.0,0.2549019607843137,F,88.0,0.43137254901960786,F,96.0,0.47058823529411764
205,F,105.0,0.5121951219512195,H,97,0.47317073170731705,H,52.0,0.25365853658536586,H,88.0,0.4292682926829268,H,96.0,0.4682926829268293
206,F,106.0,0.5145631067961165,F,98,0.47572815533980584,F,53.0,0.25728155339805825,F,89.0,0.4320388349514563,F,97.0,0.470873786407767
207,H,106.0,0.5120772946859904,F,99,0.4782608695652174,H,53.0,0.2560386473429952,F,90.0,0.43478260869565216,H,97.0,0.46859903381642515
208,H,106.0,0.5096153846153846,H,99,0.47596153846153844,F,54.0,0.25961538461538464,F,91.0,0.4375,F,98.0,0.47115384615384615
209,H,106.0,0.507177033492823,F,100,0.4784688995215311,H,54.0,0.2583732057416268,H,91.0,0.4354066985645933,F,99.0,0.47368421052631576
210,F,107.0,0.5095238095238095,H,100,0.47619047619047616,H,54.0,0.2571428571428571,F,92.0,0.4380952380952381,F,100.0,0.47619047619047616
211,F,108.0,0.5118483412322274,H,100,0.47393364928909953,F,55.0,0.26066350710900477,H,92.0,0.43601895734597157,F,101.0,0.4786729857819905
212,F,109.0,0.5141509433962265,F,101,0.47641509433962265,F,56.0,0.2641509433962264,F,93.0,0.4386792452830189,F,102.0,0.4811320754716981
213,H,109.0,0.5117370892018779,F,102,0.4788732394366197,F,57.0,0.2676056338028169,H,93.0,0.43661971830985913,H,102.0,0.4788732394366197
214,F,110.0,0.514018691588785,F,103,0.48130841121495327,H,57.0,0.26635514018691586,F,94.0,0.4392523364485981,F,103.0,0.48130841121495327
215,H,110.0,0.5116279069767442,F,104,0.48372093023255813,F,58.0,0.26976744186046514,H,94.0,0.4372093023255814,F,104.0,0.48372093023255813
216,H,110.0,0.5092592592592593,H,104,0.48148148148148145,H,58.0,0.26851851851851855,H,94.0,0.4351851851851852,F,105.0,0.4861111111111111
217,H,110.0,0.5069124423963134,F,105,0.4838709677419355,H,58.0,0.2672811059907834,F,95.0,0.4377880184331797,F,106.0,0.48847926267281105
218,F,111.0,0.5091743119266054,F,106,0.48623853211009177,H,58.0,0.26605504587155965,H,95.0,0.43577981651376146,F,107.0,0.4908256880733945
219,F,112.0,0.5114155251141552,H,106,0.4840182648401826,H,58.0,0.2648401826484018,F,96.0,0.4383561643835616,H,107.0,0.4885844748858447
220,F,113.0,0.5136363636363637,F,107,0.4863636363636364,F,59.0,0.2681818181818182,H,96.0,0.43636363636363634,H,107.0,0.4863636363636364
221,F,114.0,0.5158371040723982,H,107,0.4841628959276018,F,60.0,0.27149321266968324,H,96.0,0.4343891402714932,F,108.0,0.48868778280542985
222,H,114.0,0.5135135135135135,H,107,0.481981981981982,H,60.0,0.2702702702702703,H,96.0,0.43243243243243246,H,108.0,0.4864864864864865
223,F,115.0,0.515695067264574,H,107,0.4798206278026906,H,60.0,0.26905829596412556,H,96.0,0.4304932735426009,F,109.0,0.48878923766816146
224,F,116.0,0.5178571428571429,F,108,0.48214285714285715,H,60.0,0.26785714285714285,H,96.0,0.42857142857142855,H,109.0,0.48660714285714285
225,F,117.0,0.52,H,108,0.48,H,60.0,0.26666666666666666,H,96.0,0.4266666666666667,F,110.0,0.4888888888888889
226,F,118.0,0.5221238938053098,F,109,0.4823008849557522,H,60.0,0.26548672566371684,F,97.0,0.42920353982300885,F,111.0,0.4911504424778761
227,F,119.0,0.5242290748898678,H,109,0.4801762114537445,H,60.0,0.2643171806167401,F,98.0,0.43171806167400884,H,111.0,0.4889867841409692
228,H,119.0,0.5219298245614035,H,109,0.4780701754385965,H,60.0,0.2631578947368421,F,99.0,0.4342105263157895,F,112.0,0.49122807017543857
229,H,119.0,0.519650655021834,F,110,0.48034934497816595,H,60.0,0.26200873362445415,H,99.0,0.43231441048034935,H,112.0,0.4890829694323144
230,F,120.0,0.5217391304347826,H,110,0.4782608695652174,H,60.0,0.2608695652173913,F,100.0,0.43478260869565216,F,113.0,0.49130434782608695
231,H,120.0,0.5194805194805194,F,111,0.4805194805194805,F,61.0,0.26406926406926406,H,100.0,0.4329004329004329,F,114.0,0.4935064935064935
232,F,121.0,0.521551724137931,H,111,0.47844827586206895,H,61.0,0.2629310344827586,H,100.0,0.43103448275862066,H,114.0,0.49137931034482757
233,H,121.0,0.51931330472103,F,112,0.48068669527896996,F,62.0,0.26609442060085836,F,101.0,0.4334763948497854,H,114.0,0.4892703862660944
234,F,122.0,0.5213675213675214,F,113,0.4829059829059829,H,62.0,0.26495726495726496,F,102.0,0.4358974358974359,F,115.0,0.49145299145299143
235,H,122.0,0.5191489361702127,H,113,0.4808510638297872,H,62.0,0.26382978723404255,H,102.0,0.4340425531914894,H,115.0,0.48936170212765956
236,H,122.0,0.5169491525423728,F,114,0.4830508474576271,H,62.0,0.2627118644067797,H,102.0,0.4322033898305085,H,115.0,0.4872881355932203
237,H,122.0,0.5147679324894515,H,114,0.4810126582278481,H,62.0,0.2616033755274262,H,102.0,0.43037974683544306,F,116.0,0.48945147679324896
238,H,122.0,0.5126050420168067,F,115,0.4831932773109244,H,62.0,0.2605042016806723,H,102.0,0.42857142857142855,F,117.0,0.49159663865546216
239,H,122.0,0.5104602510460251,F,116,0.48535564853556484,H,62.0,0.2594142259414226,H,102.0,0.42677824267782427,H,117.0,0.4895397489539749
240,F,123.0,0.5125,H,116,0.48333333333333334,F,63.0,0.2625,F,103.0,0.42916666666666664,F,118.0,0.49166666666666664
241,F,124.0,0.5145228215767634,H,116,0.48132780082987553,H,63.0,0.26141078838174275,H,103.0,0.42738589211618255,F,119.0,0.49377593360995853
242,F,125.0,0.5165289256198347,F,117,0.4834710743801653,F,64.0,0.2644628099173554,H,103.0,0.4256198347107438,F,120.0,0.49586776859504134
243,F,126.0,0.5185185185185185,H,117,0.48148148148148145,H,64.0,0.26337448559670784,H,103.0,0.42386831275720166,F,121.0,0.49794238683127573
244,H,126.0,0.5163934426229508,,117,0.47950819672131145,H,64.0,0.26229508196721313,F,104.0,0.4262295081967213,H,121.0,0.4959016393442623
245,H,126.0,0.5142857142857142,F,118,0.4816326530612245,H,64.0,0.2612244897959184,H,104.0,0.42448979591836733,H,121.0,0.49387755102040815
246,F,127.0,0.516260162601626,H,118,0.4796747967479675,H,64.0,0.2601626016260163,H,104.0,0.42276422764227645,H,121.0,0.491869918699187
247,H,127.0,0.5141700404858299,H,118,0.4777327935222672,F,65.0,0.2631578947368421,F,105.0,0.4251012145748988,F,122.0,0.4939271255060729
248,H,127.0,0.5120967741935484,F,119,0.4798387096774194,H,65.0,0.2620967741935484,H,105.0,0.42338709677419356,H,122.0,0.49193548387096775
249,H,127.0,0.5100401606425703,F,120,0.4819277108433735,H,65.0,0.26104417670682734,H,105.0,0.42168674698795183,H,122.0,0.4899598393574297
250,F,128.0,0.512,H,120,0.48,H,65.0,0.26,F,106.0,0.424,H,122.0,0.488
251,F,129.0,0.5139442231075697,F,121,0.4820717131474104,F,66.0,0.26294820717131473,F,107.0,0.4262948207171315,F,123.0,0.4900398406374502
252,H,129.0,0.5119047619047619,F,122,0.48412698412698413,F,67.0,0.26587301587301587,H,107.0,0.4246031746031746,H,123.0,0.4880952380952381
253,H,129.0,0.5098814229249012,H,122,0.48221343873517786,H,67.0,0.2648221343873518,F,108.0,0.4268774703557312,H,123.0,0.48616600790513836
254,H,129.0,0.5078740157480315,F,123,0.484251968503937,F,68.0,0.2677165354330709,F,109.0,0.42913385826771655,H,123.0,0.484251968503937
255,H,129.0,0.5058823529411764,F,124,0.48627450980392156,H,68.0,0.26666666666666666,F,110.0,0.43137254901960786,F,124.0,0.48627450980392156
256,H,129.0,0.50390625,H,124,0.484375,H,68.0,0.265625,F,111.0,0.43359375,F,125.0,0.48828125
257,F,130.0,0.5058365758754864,F,125,0.48638132295719844,H,68.0,0.26459143968871596,F,112.0,0.4357976653696498,F,126.0,0.490272373540856
258,H,130.0,0.5038759689922481,H,125,0.4844961240310077,H,68.0,0.26356589147286824,F,113.0,0.437984496124031,F,127.0,0.49224806201550386
259,F,131.0,0.5057915057915058,H,125,0.4826254826254826,F,69.0,0.26640926640926643,F,114.0,0.44015444015444016,F,128.0,0.4942084942084942
260,F,132.0,0.5076923076923077,H,125,0.4807692307692308,F,70.0,0.2692307692307692,F,115.0,0.4423076923076923,F,129.0,0.49615384615384617
261,H,132.0,0.5057471264367817,H,125,0.4789272030651341,H,70.0,0.2681992337164751,F,116.0,0.4444444444444444,H,129.0,0.4942528735632184
262,F,133.0,0.5076335877862596,H,125,0.4770992366412214,H,70.0,0.26717557251908397,F,117.0,0.44656488549618323,F,130.0,0.4961832061068702
263,H,133.0,0.5057034220532319,F,126,0.4790874524714829,H,70.0,0.2661596958174905,H,117.0,0.4448669201520912,F,131.0,0.49809885931558934
264,F,134.0,0.5075757575757576,F,127,0.4810606060606061,F,71.0,0.2689393939393939,F,118.0,0.44696969696969696,F,132.0,0.5
265,H,134.0,0.5056603773584906,F,128,0.4830188679245283,H,71.0,0.2679245283018868,F,119.0,0.4490566037735849,F,133.0,0.5018867924528302
266,H,134.0,0.5037593984962406,F,129,0.4849624060150376,F,72.0,0.2706766917293233,F,120.0,0.45112781954887216,F,134.0,0.5037593984962406
267,F,135.0,0.5056179775280899,F,130,0.4868913857677903,H,72.0,0.2696629213483146,F,121.0,0.45318352059925093,H,134.0,0.50187265917603
268,H,135.0,0.503731343283582,H,130,0.48507462686567165,H,72.0,0.26865671641791045,H,121.0,0.45149253731343286,H,134.0,0.5
269,H,135.0,0.5018587360594795,F,131,0.48698884758364314,F,73.0,0.27137546468401486,F,122.0,0.45353159851301117,F,135.0,0.5018587360594795
270,H,135.0,0.5,H,131,0.48518518518518516,F,74.0,0.2740740740740741,H,122.0,0.45185185185185184,H,135.0,0.5
271,F,136.0,0.5018450184501845,H,131,0.4833948339483395,F,75.0,0.2767527675276753,F,123.0,0.45387453874538747,H,135.0,0.4981549815498155
272,F,137.0,0.5036764705882353,H,131,0.48161764705882354,H,75.0,0.2757352941176471,H,123.0,0.4522058823529412,H,135.0,0.4963235294117647
273,H,137.0,0.5018315018315018,H,131,0.47985347985347987,F,76.0,0.2783882783882784,F,124.0,0.4542124542124542,H,135.0,0.4945054945054945
274,F,138.0,0.5036496350364964,H,131,0.4781021897810219,H,76.0,0.2773722627737226,H,124.0,0.45255474452554745,F,136.0,0.49635036496350365
275,H,138.0,0.5018181818181818,F,132,0.48,H,76.0,0.27636363636363637,H,124.0,0.4509090909090909,H,136.0,0.49454545454545457
276,H,138.0,0.5,H,132,0.4782608695652174,H,76.0,0.2753623188405797,H,124.0,0.4492753623188406,F,137.0,0.4963768115942029
277,H,138.0,0.4981949458483754,H,132,0.47653429602888087,H,76.0,0.2743682310469314,H,124.0,0.44765342960288806,F,138.0,0.4981949458483754
278,H,138.0,0.49640287769784175,F,133,0.4784172661870504,H,76.0,0.2733812949640288,F,125.0,0.44964028776978415,H,138.0,0.49640287769784175
279,F,139.0,0.4982078853046595,F,134,0.48028673835125446,H,76.0,0.2724014336917563,H,125.0,0.44802867383512546,F,139.0,0.4982078853046595
280,F,140.0,0.5,F,135,0.48214285714285715,H,76.0,0.2714285714285714,F,126.0,0.45,F,140.0,0.5
281,H,140.0,0.498220640569395,H,135,0.4804270462633452,F,77.0,0.27402135231316727,F,127.0,0.45195729537366547,H,140.0,0.498220640569395
282,H,140.0,0.49645390070921985,F,136,0.48226950354609927,H,77.0,0.2730496453900709,H,127.0,0.450354609929078,F,141.0,0.5
283,H,140.0,0.49469964664310956,F,137,0.4840989399293286,H,77.0,0.27208480565371024,H,127.0,0.44876325088339225,F,142.0,0.5017667844522968
284,H,140.0,0.49295774647887325,F,138,0.4859154929577465,H,77.0,0.2711267605633803,H,127.0,0.4471830985915493,F,143.0,0.5035211267605634
285,H,140.0,0.49122807017543857,H,138,0.4842105263157895,H,77.0,0.27017543859649124,F,128.0,0.44912280701754387,H,143.0,0.5017543859649123
286,H,140.0,0.48951048951048953,H,138,0.4825174825174825,H,77.0,0.2692307692307692,H,128.0,0.44755244755244755,F,144.0,0.5034965034965035
287,F,141.0,0.4912891986062718,F,139,0.4843205574912892,F,78.0,0.27177700348432055,F,129.0,0.44947735191637633,F,145.0,0.5052264808362369
288,F,142.0,0.4930555555555556,H,139,0.4826388888888889,F,79.0,0.2743055555555556,F,130.0,0.4513888888888889,H,145.0,0.5034722222222222
289,H,142.0,0.4913494809688581,H,139,0.4809688581314879,F,80.0,0.2768166089965398,F,131.0,0.4532871972318339,H,145.0,0.5017301038062284
290,H,142.0,0.4896551724137931,H,139,0.4793103448275862,H,80.0,0.27586206896551724,F,132.0,0.45517241379310347,F,146.0,0.503448275862069
291,F,143.0,0.49140893470790376,F,140,0.48109965635738833,H,80.0,0.27491408934707906,F,133.0,0.4570446735395189,H,146.0,0.5017182130584192
292,H,143.0,0.4897260273972603,H,140,0.4794520547945205,H,80.0,0.273972602739726,F,134.0,0.4589041095890411,F,147.0,0.5034246575342466
293,H,143.0,0.4880546075085324,F,141,0.4812286689419795,F,81.0,0.2764505119453925,F,135.0,0.46075085324232085,F,148.0,0.5051194539249146
294,F,144.0,0.4897959183673469,F,142,0.48299319727891155,F,82.0,0.2789115646258503,F,136.0,0.46258503401360546,H,148.0,0.5034013605442177
295,F,145.0,0.4915254237288136,F,143,0.4847457627118644,H,82.0,0.27796610169491526,H,136.0,0.4610169491525424,F,149.0,0.5050847457627119
296,F,146.0,0.49324324324324326,H,143,0.4831081081081081,H,82.0,0.27702702702702703,H,136.0,0.4594594594594595,H,149.0,0.5033783783783784
297,F,147.0,0.494949494949495,F,144,0.48484848484848486,H,82.0,0.2760942760942761,F,137.0,0.4612794612794613,H,149.0,0.5016835016835017
298,H,147.0,0.49328859060402686,F,145,0.4865771812080537,H,82.0,0.2751677852348993,H,137.0,0.4597315436241611,H,149.0,0.5
299,H,147.0,0.4916387959866221,H,145,0.48494983277591974,F,83.0,0.27759197324414714,F,138.0,0.46153846153846156,H,149.0,0.4983277591973244
300,F,148.0,0.49333333333333335,,145,0.48333333333333334,H,83.0,0.27666666666666667,F,139.0,0.4633333333333333,H,149.0,0.49666666666666665
301,H,148.0,0.49169435215946844,H,145,0.48172757475083056,H,83.0,0.2757475083056478,H,139.0,0.46179401993355484,H,149.0,0.4950166112956811
302,F,149.0,0.49337748344370863,H,145,0.48013245033112584,F,84.0,0.2781456953642384,H,139.0,0.4602649006622517,F,150.0,0.4966887417218543
303,F,150.0,0.49504950495049505,H,145,0.47854785478547857,H,84.0,0.27722772277227725,H,139.0,0.45874587458745875,H,150.0,0.49504950495049505
304,H,150.0,0.4934210526315789,H,145,0.4769736842105263,H,84.0,0.27631578947368424,H,139.0,0.45723684210526316,H,150.0,0.4934210526315789
305,H,150.0,0.4918032786885246,H,145,0.47540983606557374,H,84.0,0.2754098360655738,F,140.0,0.45901639344262296,F,151.0,0.49508196721311476
306,F,151.0,0.4934640522875817,F,146,0.477124183006536,H,84.0,0.27450980392156865,F,141.0,0.46078431372549017,F,152.0,0.49673202614379086
307,F,152.0,0.495114006514658,F,147,0.4788273615635179,H,84.0,0.2736156351791531,H,141.0,0.4592833876221498,H,152.0,0.495114006514658
308,F,153.0,0.4967532467532468,F,148,0.4805194805194805,H,84.0,0.2727272727272727,H,141.0,0.4577922077922078,F,153.0,0.4967532467532468
309,H,153.0,0.49514563106796117,F,149,0.48220064724919093,H,84.0,0.27184466019417475,F,142.0,0.459546925566343,H,153.0,0.49514563106796117
310,F,154.0,0.4967741935483871,F,150,0.4838709677419355,F,85.0,0.27419354838709675,F,143.0,0.4612903225806452,H,153.0,0.4935483870967742
311,H,154.0,0.49517684887459806,H,150,0.48231511254019294,F,86.0,0.2765273311897106,H,143.0,0.45980707395498394,H,153.0,0.4919614147909968
312,H,154.0,0.4935897435897436,F,151,0.483974358974359,H,86.0,0.27564102564102566,F,144.0,0.46153846153846156,H,153.0,0.49038461538461536
313,H,154.0,0.49201277955271566,H,151,0.48242811501597443,F,87.0,0.2779552715654952,H,144.0,0.46006389776357826,F,154.0,0.49201277955271566
314,F,155.0,0.49363057324840764,F,152,0.4840764331210191,H,87.0,0.2770700636942675,H,144.0,0.4585987261146497,H,154.0,0.49044585987261147
315,H,155.0,0.49206349206349204,H,152,0.48253968253968255,H,87.0,0.2761904761904762,F,145.0,0.4603174603174603,F,155.0,0.49206349206349204
316,H,155.0,0.49050632911392406,F,153,0.48417721518987344,F,88.0,0.27848101265822783,H,145.0,0.4588607594936709,H,155.0,0.49050632911392406
317,H,155.0,0.4889589905362776,H,153,0.48264984227129337,F,89.0,0.2807570977917981,F,146.0,0.4605678233438486,F,156.0,0.4921135646687697
318,F,156.0,0.49056603773584906,F,154,0.48427672955974843,H,89.0,0.279874213836478,F,147.0,0.46226415094339623,H,156.0,0.49056603773584906
319,F,157.0,0.49216300940438873,H,154,0.4827586206896552,H,89.0,0.27899686520376177,F,148.0,0.46394984326018807,F,157.0,0.49216300940438873
320,F,158.0,0.49375,F,155,0.484375,F,90.0,0.28125,H,148.0,0.4625,H,157.0,0.490625
321,H,158.0,0.49221183800623053,F,156,0.48598130841121495,H,90.0,0.2803738317757009,H,148.0,0.46105919003115264,F,158.0,0.49221183800623053
322,F,159.0,0.4937888198757764,H,156,0.484472049689441,H,90.0,0.2795031055900621,H,148.0,0.45962732919254656,F,159.0,0.4937888198757764
323,F,160.0,0.4953560371517028,H,156,0.48297213622291024,H,90.0,0.2786377708978328,F,149.0,0.4613003095975232,F,160.0,0.4953560371517028
324,H,160.0,0.49382716049382713,F,157,0.4845679012345679,F,91.0,0.2808641975308642,F,150.0,0.46296296296296297,H,160.0,0.49382716049382713
325,H,160.0,0.49230769230769234,H,157,0.48307692307692307,F,92.0,0.28307692307692306,H,150.0,0.46153846153846156,F,161.0,0.49538461538461537
326,F,161.0,0.4938650306748466,H,157,0.4815950920245399,F,93.0,0.2852760736196319,H,150.0,0.4601226993865031,F,162.0,0.49693251533742333
327,F,162.0,0.4954128440366973,H,157,0.4801223241590214,H,93.0,0.28440366972477066,H,150.0,0.45871559633027525,H,162.0,0.4954128440366973
328,F,163.0,0.4969512195121951,H,157,0.47865853658536583,H,93.0,0.28353658536585363,H,150.0,0.4573170731707317,F,163.0,0.4969512195121951
329,F,164.0,0.49848024316109424,H,157,0.47720364741641336,H,93.0,0.2826747720364742,H,150.0,0.45592705167173253,H,163.0,0.49544072948328266
330,H,164.0,0.49696969696969695,F,158,0.47878787878787876,H,93.0,0.2818181818181818,F,151.0,0.4575757575757576,H,163.0,0.49393939393939396
331,F,165.0,0.4984894259818731,H,158,0.4773413897280967,F,94.0,0.283987915407855,F,152.0,0.459214501510574,F,164.0,0.4954682779456193
332,F,166.0,0.5,F,159,0.4789156626506024,F,95.0,0.286144578313253,H,152.0,0.4578313253012048,F,165.0,0.49698795180722893
333,H,166.0,0.4984984984984985,F,160,0.4804804804804805,F,96.0,0.2882882882882883,F,153.0,0.4594594594594595,F,166.0,0.4984984984984985
334,H,166.0,0.49700598802395207,F,161,0.4820359281437126,H,96.0,0.2874251497005988,F,154.0,0.46107784431137727,H,166.0,0.49700598802395207
335,F,167.0,0.49850746268656715,F,162,0.4835820895522388,H,96.0,0.2865671641791045,H,154.0,0.4597014925373134,H,166.0,0.4955223880597015
336,F,168.0,0.5,F,163,0.4851190476190476,F,97.0,0.28869047619047616,H,154.0,0.4583333333333333,F,167.0,0.49702380952380953
337,H,168.0,0.49851632047477745,H,163,0.4836795252225519,F,98.0,0.29080118694362017,H,154.0,0.456973293768546,F,168.0,0.49851632047477745
338,F,169.0,0.5,F,164,0.48520710059171596,F,99.0,0.29289940828402367,H,154.0,0.4556213017751479,F,169.0,0.5
339,H,169.0,0.49852507374631266,F,165,0.48672566371681414,H,99.0,0.2920353982300885,F,155.0,0.45722713864306785,H,169.0,0.49852507374631266
340,H,169.0,0.4970588235294118,H,165,0.4852941176470588,H,99.0,0.2911764705882353,F,156.0,0.4588235294117647,H,169.0,0.4970588235294118
341,F,170.0,0.49853372434017595,H,165,0.4838709677419355,F,100.0,0.2932551319648094,F,157.0,0.4604105571847507,H,169.0,0.49560117302052786
342,F,171.0,0.5,H,165,0.4824561403508772,H,100.0,0.29239766081871343,H,157.0,0.4590643274853801,H,169.0,0.49415204678362573
343,H,171.0,0.49854227405247814,H,165,0.48104956268221577,H,100.0,0.2915451895043732,F,158.0,0.4606413994169096,F,170.0,0.4956268221574344
344,H,171.0,0.49709302325581395,F,166,0.48255813953488375,F,101.0,0.2936046511627907,F,159.0,0.4622093023255814,H,170.0,0.4941860465116279
345,F,172.0,0.4985507246376812,H,166,0.4811594202898551,F,102.0,0.2956521739130435,F,160.0,0.463768115942029,H,170.0,0.4927536231884058
346,H,172.0,0.49710982658959535,H,166,0.4797687861271676,F,103.0,0.2976878612716763,F,161.0,0.4653179190751445,F,171.0,0.49421965317919075
347,H,172.0,0.4956772334293948,H,166,0.4783861671469741,F,104.0,0.29971181556195964,F,162.0,0.4668587896253602,H,171.0,0.49279538904899134
348,H,172.0,0.4942528735632184,F,167,0.47988505747126436,F,105.0,0.3017241379310345,H,162.0,0.46551724137931033,H,171.0,0.49137931034482757
349,F,173.0,0.49570200573065903,F,168,0.4813753581661891,F,106.0,0.3037249283667622,F,163.0,0.4670487106017192,H,171.0,0.4899713467048711
350,H,173.0,0.4942857142857143,H,168,0.48,H,106.0,0.3028571428571429,H,163.0,0.4657142857142857,H,171.0,0.48857142857142855
351,F,174.0,0.49572649572649574,F,169,0.48148148148148145,H,106.0,0.301994301994302,F,164.0,0.4672364672364672,F,172.0,0.49002849002849
352,F,175.0,0.4971590909090909,F,170,0.48295454545454547,H,106.0,0.30113636363636365,F,165.0,0.46875,F,173.0,0.4914772727272727
353,H,175.0,0.49575070821529743,F,171,0.48441926345609065,H,106.0,0.3002832861189802,H,165.0,0.46742209631728043,H,173.0,0.49008498583569404
354,H,175.0,0.4943502824858757,F,172,0.4858757062146893,H,106.0,0.2994350282485876,F,166.0,0.4689265536723164,H,173.0,0.4887005649717514
355,F,176.0,0.49577464788732395,H,172,0.48450704225352115,H,106.0,0.29859154929577464,H,166.0,0.4676056338028169,H,173.0,0.48732394366197185
356,F,177.0,0.49719101123595505,F,173,0.4859550561797753,H,106.0,0.29775280898876405,F,167.0,0.4691011235955056,F,174.0,0.4887640449438202
357,H,177.0,0.4957983193277311,H,173,0.484593837535014,H,106.0,0.2969187675070028,F,168.0,0.47058823529411764,H,174.0,0.48739495798319327
358,H,177.0,0.49441340782122906,H,173,0.48324022346368717,H,106.0,0.29608938547486036,F,169.0,0.4720670391061452,H,174.0,0.4860335195530726
359,H,177.0,0.49303621169916434,H,173,0.4818941504178273,H,106.0,0.29526462395543174,H,169.0,0.47075208913649025,F,175.0,0.48746518105849584
360,F,178.0,0.49444444444444446,H,173,0.48055555555555557,F,107.0,0.2972222222222222,H,169.0,0.46944444444444444,H,175.0,0.4861111111111111
361,F,179.0,0.49584487534626037,F,174,0.481994459833795,H,107.0,0.296398891966759,F,170.0,0.4709141274238227,H,175.0,0.48476454293628807
362,H,179.0,0.494475138121547,H,174,0.48066298342541436,F,108.0,0.2983425414364641,F,171.0,0.4723756906077348,H,175.0,0.48342541436464087
363,H,179.0,0.4931129476584022,H,174,0.4793388429752066,F,109.0,0.3002754820936639,F,172.0,0.4738292011019284,F,176.0,0.48484848484848486
364,H,179.0,0.49175824175824173,F,175,0.4807692307692308,F,110.0,0.3021978021978022,H,172.0,0.4725274725274725,H,176.0,0.4835164835164835
365,F,180.0,0.4931506849315068,H,175,0.4794520547945205,H,110.0,0.3013698630136986,H,172.0,0.4712328767123288,F,177.0,0.4849315068493151
366,F,181.0,0.49453551912568305,H,175,0.4781420765027322,H,110.0,0.3005464480874317,H,172.0,0.46994535519125685,F,178.0,0.48633879781420764
367,H,181.0,0.49318801089918257,H,175,0.4768392370572207,H,110.0,0.2997275204359673,F,173.0,0.4713896457765668,F,179.0,0.4877384196185286
368,F,182.0,0.4945652173913043,F,176,0.4782608695652174,H,110.0,0.29891304347826086,F,174.0,0.47282608695652173,F,180.0,0.4891304347826087
369,H,182.0,0.4932249322493225,H,176,0.47696476964769646,H,110.0,0.2981029810298103,H,174.0,0.4715447154471545,H,180.0,0.4878048780487805
370,F,183.0,0.4945945945945946,H,176,0.4756756756756757,H,110.0,0.2972972972972973,F,175.0,0.47297297297297297,F,181.0,0.4891891891891892
371,H,183.0,0.49326145552560646,F,177,0.477088948787062,F,111.0,0.2991913746630728,H,175.0,0.4716981132075472,F,182.0,0.49056603773584906
372,F,184.0,0.4946236559139785,H,177,0.47580645161290325,F,112.0,0.3010752688172043,F,176.0,0.4731182795698925,F,183.0,0.49193548387096775
373,F,185.0,0.4959785522788204,F,178,0.4772117962466488,H,112.0,0.3002680965147453,F,177.0,0.4745308310991957,H,183.0,0.4906166219839142
374,F,186.0,0.49732620320855614,H,178,0.47593582887700536,F,113.0,0.30213903743315507,F,178.0,0.47593582887700536,F,184.0,0.4919786096256685
375,F,187.0,0.49866666666666665,F,179,0.47733333333333333,F,114.0,0.304,H,178.0,0.4746666666666667,H,184.0,0.49066666666666664
376,F,188.0,0.5,H,179,0.47606382978723405,F,115.0,0.3058510638297872,F,179.0,0.47606382978723405,H,184.0,0.48936170212765956
377,F,189.0,0.5013262599469496,F,180,0.47745358090185674,F,116.0,0.3076923076923077,H,179.0,0.47480106100795755,F,185.0,0.4907161803713528
378,H,189.0,0.5,F,181,0.47883597883597884,H,116.0,0.30687830687830686,H,179.0,0.47354497354497355,F,186.0,0.49206349206349204
379,F,190.0,0.5013192612137203,H,181,0.47757255936675463,F,117.0,0.3087071240105541,F,180.0,0.47493403693931396,H,186.0,0.49076517150395776
380,F,191.0,0.5026315789473684,F,182,0.4789473684210526,H,117.0,0.3078947368421053,H,180.0,0.47368421052631576,H,186.0,0.48947368421052634
381,F,192.0,0.5039370078740157,H,182,0.4776902887139108,H,117.0,0.30708661417322836,H,180.0,0.47244094488188976,F,187.0,0.49081364829396323
382,H,192.0,0.5026178010471204,H,182,0.47643979057591623,H,117.0,0.306282722513089,F,181.0,0.4738219895287958,F,188.0,0.49214659685863876
383,H,192.0,0.5013054830287206,H,182,0.4751958224543081,H,117.0,0.30548302872062666,F,182.0,0.4751958224543081,H,188.0,0.4908616187989556
384,H,192.0,0.5,F,183,0.4765625,F,118.0,0.3072916666666667,F,183.0,0.4765625,H,188.0,0.4895833333333333
385,H,192.0,0.4987012987012987,F,184,0.4779220779220779,H,118.0,0.3064935064935065,F,184.0,0.4779220779220779,H,188.0,0.4883116883116883
386,H,192.0,0.49740932642487046,F,185,0.4792746113989637,H,118.0,0.30569948186528495,F,185.0,0.4792746113989637,F,189.0,0.4896373056994819
387,H,192.0,0.49612403100775193,H,185,0.4780361757105943,H,118.0,0.3049095607235142,F,186.0,0.4806201550387597,F,190.0,0.4909560723514212
388,F,193.0,0.49742268041237114,F,186,0.4793814432989691,H,118.0,0.30412371134020616,H,186.0,0.4793814432989691,F,191.0,0.49226804123711343
389,H,193.0,0.4961439588688946,H,186,0.4781491002570694,H,118.0,0.3033419023136247,F,187.0,0.480719794344473,H,191.0,0.4910025706940874
390,H,193.0,0.4948717948717949,H,186,0.47692307692307695,H,118.0,0.30256410256410254,H,187.0,0.4794871794871795,H,191.0,0.4897435897435897
391,F,194.0,0.4961636828644501,H,186,0.47570332480818417,H,118.0,0.30179028132992325,H,187.0,0.4782608695652174,F,192.0,0.49104859335038364
392,H,194.0,0.49489795918367346,F,187,0.4770408163265306,F,119.0,0.30357142857142855,H,187.0,0.4770408163265306,F,193.0,0.4923469387755102
393,F,195.0,0.4961832061068702,H,187,0.4758269720101781,H,119.0,0.30279898218829515,H,187.0,0.4758269720101781,,,
394,F,196.0,0.49746192893401014,H,187,0.4746192893401015,H,119.0,0.3020304568527919,F,188.0,0.47715736040609136,,,
395,F,197.0,0.49873417721518987,H,187,0.47341772151898737,F,120.0,0.3037974683544304,F,189.0,0.47848101265822784,,,
396,H,197.0,0.49747474747474746,H,187,0.4722222222222222,F,121.0,0.3055555555555556,H,189.0,0.4772727272727273,,,
397,F,198.0,0.4987405541561713,H,187,0.47103274559193953,H,121.0,0.3047858942065491,F,190.0,0.47858942065491183,,,
398,F,199.0,0.5,F,188,0.4723618090452261,F,122.0,0.3065326633165829,F,191.0,0.4798994974874372,,,
399,H,199.0,0.49874686716791977,F,189,0.47368421052631576,H,122.0,0.3057644110275689,F,192.0,0.48120300751879697,,,
400,F,200.0,0.5,H,189,0.4725,F,123.0,0.3075,F,193.0,0.4825,,,
401,H,200.0,0.49875311720698257,F,190,0.47381546134663344,F,124.0,0.3092269326683292,F,194.0,0.4837905236907731,,,
402,H,200.0,0.4975124378109453,H,190,0.472636815920398,F,125.0,0.31094527363184077,H,194.0,0.48258706467661694,,,
403,F,201.0,0.4987593052109181,F,191,0.4739454094292804,F,126.0,0.31265508684863524,F,195.0,0.4838709677419355,,,
404,F,202.0,0.5,F,192,0.4752475247524752,F,127.0,0.31435643564356436,F,196.0,0.48514851485148514,,,
405,F,203.0,0.5012345679012346,H,192,0.4740740740740741,F,128.0,0.3160493827160494,H,196.0,0.4839506172839506,,,
406,H,203.0,0.5,H,192,0.4729064039408867,H,128.0,0.31527093596059114,,,,,,
407,H,203.0,0.4987714987714988,F,193,0.4742014742014742,F,129.0,0.31695331695331697,,,,,,
408,H,203.0,0.49754901960784315,H,193,0.4730392156862745,H,129.0,0.3161764705882353,,,,,,
409,H,203.0,0.4963325183374083,F,194,0.4743276283618582,H,129.0,0.3154034229828851,,,,,,
410,F,204.0,0.4975609756097561,F,195,0.47560975609756095,F,130.0,0.3170731707317073,,,,,,
411,F,205.0,0.49878345498783455,F,196,0.4768856447688564,H,130.0,0.31630170316301703,,,,,,
412,H,205.0,0.4975728155339806,F,197,0.47815533980582525,H,130.0,0.3155339805825243,,,,,,
413,F,206.0,0.49878934624697335,F,198,0.4794188861985472,F,131.0,0.3171912832929782,,,,,,
414,F,207.0,0.5,H,198,0.4782608695652174,H,131.0,0.3164251207729469,,,,,,
415,F,208.0,0.5012048192771085,H,198,0.4771084337349398,H,131.0,0.3156626506024096,,,,,,
416,F,209.0,0.5024038461538461,H,198,0.47596153846153844,F,132.0,0.3173076923076923,,,,,,
417,H,209.0,0.5011990407673861,F,199,0.47721822541966424,F,133.0,0.31894484412470026,,,,,,
418,H,209.0,0.5,H,199,0.47607655502392343,F,134.0,0.32057416267942584,,,,,,
419,F,210.0,0.5011933174224343,F,200,0.477326968973747,H,134.0,0.3198090692124105,,,,,,
420,F,211.0,0.5023809523809524,H,200,0.47619047619047616,H,134.0,0.319047619047619,,,,,,
421,H,211.0,0.501187648456057,F,201,0.47743467933491684,F,135.0,0.32066508313539194,,,,,,
422,F,212.0,0.5023696682464455,F,202,0.4786729857819905,H,135.0,0.31990521327014215,,,,,,
423,F,213.0,0.5035460992907801,H,202,0.47754137115839246,F,136.0,0.3215130023640662,,,,,,
424,F,214.0,0.5047169811320755,H,202,0.47641509433962265,F,137.0,0.3231132075471698,,,,,,
425,,,,H,202,0.4752941176470588,F,138.0,0.3247058823529412,,,,,,
426,,,,F,203,0.4765258215962441,F,139.0,0.32629107981220656,,,,,,
427,,,,H,203,0.47540983606557374,H,139.0,0.3255269320843091,,,,,,
428,,,,F,204,0.4766355140186916,H,139.0,0.3247663551401869,,,,,,
429,,,,H,204,0.4755244755244755,F,140.0,0.32634032634032634,,,,,,
430,,,,H,204,0.4744186046511628,H,140.0,0.32558139534883723,,,,,,
431,,,,H,204,0.4733178654292343,F,141.0,0.3271461716937355,,,,,,
432,,,,H,204,0.4722222222222222,H,141.0,0.3263888888888889,,,,,,
433,,,,F,205,0.47344110854503463,F,142.0,0.3279445727482679,,,,,,
434,,,,H,205,0.47235023041474655,F,143.0,0.3294930875576037,,,,,,
435,,,,H,205,0.47126436781609193,F,144.0,0.3310344827586207,,,,,,
436,,,,H,205,0.4701834862385321,F,145.0,0.33256880733944955,,,,,,
437,,,,H,205,0.4691075514874142,H,145.0,0.3318077803203661,,,,,,
438,,,,H,205,0.4680365296803653,H,145.0,0.3310502283105023,,,,,,
439,,,,H,205,0.46697038724373574,F,146.0,0.3325740318906606,,,,,,
440,,,,F,206,0.4681818181818182,H,146.0,0.33181818181818185,,,,,,
441,,,,F,207,0.46938775510204084,H,146.0,0.3310657596371882,,,,,,
442,,,,H,207,0.4683257918552036,F,147.0,0.332579185520362,,,,,,
443,,,,F,208,0.46952595936794583,F,148.0,0.3340857787810384,,,,,,
444,,,,F,209,0.47072072072072074,F,149.0,0.3355855855855856,,,,,,
445,,,,F,210,0.47191011235955055,F,150.0,0.33707865168539325,,,,,,
446,,,,F,211,0.4730941704035874,F,151.0,0.33856502242152464,,,,,,
447,,,,H,211,0.4720357941834452,F,152.0,0.3400447427293065,,,,,,
448,,,,F,212,0.4732142857142857,F,153.0,0.34151785714285715,,,,,,
449,,,,F,213,0.47438752783964366,F,154.0,0.3429844097995546,,,,,,
450,,,,H,213,0.47333333333333333,F,155.0,0.34444444444444444,,,,,,
451,,,,F,214,0.4745011086474501,H,155.0,0.3436807095343681,,,,,,
452,,,,F,215,0.4756637168141593,F,156.0,0.34513274336283184,,,,,,
453,,,,H,215,0.4746136865342163,F,157.0,0.3465783664459161,,,,,,
454,,,,H,215,0.473568281938326,F,158.0,0.34801762114537443,,,,,,
455,,,,H,215,0.4725274725274725,F,159.0,0.34945054945054943,,,,,,
456,,,,H,215,0.47149122807017546,F,160.0,0.3508771929824561,,,,,,
457,,,,F,216,0.4726477024070022,H,160.0,0.350109409190372,,,,,,
458,,,,H,216,0.47161572052401746,F,161.0,0.35152838427947597,,,,,,
459,,,,,216,0.47058823529411764,H,161.0,0.35076252723311546,,,,,,
460,,,,,216,0.46956521739130436,F,162.0,0.3521739130434783,,,,,,
461,,,,F,217,0.47071583514099785,H,162.0,0.351409978308026,,,,,,
462,,,,H,217,0.4696969696969697,F,163.0,0.3528138528138528,,,,,,
463,,,,F,218,0.4708423326133909,F,164.0,0.3542116630669546,,,,,,
464,,,,F,219,0.47198275862068967,F,165.0,0.35560344827586204,,,,,,
465,,,,F,220,0.4731182795698925,F,166.0,0.35698924731182796,,,,,,
466,,,,F,221,0.4742489270386266,H,166.0,0.3562231759656652,,,,,,
467,,,,H,221,0.4732334047109208,F,167.0,0.3576017130620985,,,,,,
468,,,,H,221,0.4722222222222222,F,168.0,0.358974358974359,,,,,,
469,,,,H,221,0.47121535181236673,,,,,,,,,
470,,,,H,221,0.4702127659574468,,,,,,,,,
471,,,,F,222,0.4713375796178344,,,,,,,,,
472,,,,F,223,0.4724576271186441,,,,,,,,,
473,,,,H,223,0.4714587737843552,,,,,,,,,
474,,,,H,223,0.4704641350210971,,,,,,,,,
475,,,,H,223,0.4694736842105263,,,,,,,,,
476,,,,H,223,0.4684873949579832,,,,,,,,,
477,,,,F,224,0.469601677148847,,,,,,,,,
478,,,,F,225,0.4707112970711297,,,,,,,,,
479,,,,F,226,0.4718162839248434,,,,,,,,,
480,,,,F,227,0.47291666666666665,,,,,,,,,
481,,,,F,228,0.47401247401247404,,,,,,,,,
482,,,,F,229,0.475103734439834,,,,,,,,,
483,,,,H,229,0.474120082815735,,,,,,,,,
484,,,,H,229,0.4731404958677686,,,,,,,,,
485,,,,F,230,0.4742268041237113,,,,,,,,,
486,,,,F,231,0.47530864197530864,,,,,,,,,
487,,,,F,232,0.47638603696098564,,,,,,,,,
488,,,,F,233,0.4774590163934426,,,,,,,,,
489,,,,F,234,0.4785276073619632,,,,,,,,,
490,,,,H,234,0.4775510204081633,,,,,,,,,
491,,,,H,234,0.47657841140529533,,,,,,,,,
492,,,,H,234,0.47560975609756095,,,,,,,,,
493,,,,F,235,0.4766734279918864,,,,,,,,,
494,,,,F,236,0.4777327935222672,,,,,,,,,
495,,,,H,236,0.4767676767676768,,,,,,,,,
496,,,,F,237,0.4778225806451613,,,,,,,,,
497,,,,F,238,0.4788732394366197,,,,,,,,,
498,,,,H,238,0.4779116465863454,,,,,,,,,
499,,,,F,239,0.4789579158316633,,,,,,,,,
500,,,,H,239,0.478,,,,,,,,,
501,,,,H,239,0.47704590818363274,,,,,,,,,
502,,,,F,240,0.47808764940239046,,,,,,,,,
503,,,,H,240,0.47713717693836977,,,,,,,,,
504,,,,F,241,0.4781746031746032,,,,,,,,,
505,,,,H,241,0.4772277227722772,,,,,,,,,
506,,,,H,241,0.4762845849802372,,,,,,,,,
507,,,,F,242,0.47731755424063116,,,,,,,,,
508,,,,F,243,0.47834645669291337,,,,,,,,,
509,,,,H,243,0.4774066797642436,,,,,,,,,
510,,,,H,243,0.4764705882352941,,,,,,,,,
511,,,,F,244,0.4774951076320939,,,,,,,,,
512,,,,F,245,0.478515625,,,,,,,,,
513,,,,F,246,0.47953216374269003,,,,,,,,,
514,,,,F,247,0.4805447470817121,,,,,,,,,
515,,,,F,248,0.4815533980582524,,,,,,,,,
516,,,,H,248,0.4806201550387597,,,,,,,,,
517,,,,F,249,0.4816247582205029,,,,,,,,,
518,,,,H,249,0.4806949806949807,,,,,,,,,
519,,,,H,249,0.4797687861271676,,,,,,,,,
520,,,,H,249,0.47884615384615387,,,,,,,,,
521,,,,F,250,0.4798464491362764,,,,,,,,,
522,,,,F,251,0.48084291187739464,,,,,,,,,
523,,,,F,252,0.4818355640535373,,,,,,,,,
