Classement des circonscriptions,Liste H/F Scénario du pire,Scénario 10%,Scénario 40%,Scénario 50%,Top…,Total Femmes jusqu’alors - Pire,10%,40%,50%,Proportion de femmes jusque là - Pire,10%,40%,50%
1,H,H,H,H,1,0,0,0,0,0.0000,0.0000,0.0000,0.0000
2,H,H,H,F,2,0,0,0,1,0.0000,0.0000,0.0000,0.5000
3,H,H,H,H,3,0,0,0,1,0.0000,0.0000,0.0000,0.3333
4,H,H,H,H,4,0,0,0,1,0.0000,0.0000,0.0000,0.2500
5,H,F,H,F,5,0,1,0,2,0.0000,0.2000,0.0000,0.4000
6,H,F,F,F,6,0,2,1,3,0.0000,0.3333,0.1667,0.5000
7,H,H,F,F,7,0,2,2,4,0.0000,0.2857,0.2857,0.5714
8,H,H,H,F,8,0,2,2,5,0.0000,0.2500,0.2500,0.6250
9,H,H,H,F,9,0,2,2,6,0.0000,0.2222,0.2222,0.6667
10,H,H,F,F,10,0,2,3,7,0.0000,0.2000,0.3000,0.7000
11,H,H,F,H,11,0,2,4,7,0.0000,0.1818,0.3636,0.6364
12,H,F,H,F,12,0,3,4,8,0.0000,0.2500,0.3333,0.6667
13,H,F,F,H,13,0,4,5,8,0.0000,0.3077,0.3846,0.6154
14,H,H,H,F,14,0,4,5,9,0.0000,0.2857,0.3571,0.6429
15,H,H,H,H,15,0,4,5,9,0.0000,0.2667,0.3333,0.6000
16,H,F,H,F,16,0,5,5,10,0.0000,0.3125,0.3125,0.6250
17,H,H,F,F,17,0,5,6,11,0.0000,0.2941,0.3529,0.6471
18,H,H,F,H,18,0,5,7,11,0.0000,0.2778,0.3889,0.6111
19,H,H,H,F,19,0,5,7,12,0.0000,0.2632,0.3684,0.6316
20,H,H,F,H,20,0,5,8,12,0.0000,0.2500,0.4000,0.6000
21,H,H,H,H,21,0,5,8,12,0.0000,0.2381,0.3810,0.5714
22,H,H,H,H,22,0,5,8,12,0.0000,0.2273,0.3636,0.5455
23,H,H,F,F,23,0,5,9,13,0.0000,0.2174,0.3913,0.5652
24,H,H,H,H,24,0,5,9,13,0.0000,0.2083,0.3750,0.5417
25,H,F,F,H,25,0,6,10,13,0.0000,0.2400,0.4000,0.5200
26,H,H,H,H,26,0,6,10,13,0.0000,0.2308,0.3846,0.5000
27,H,H,F,H,27,0,6,11,13,0.0000,0.2222,0.4074,0.4815
28,H,H,F,F,28,0,6,12,14,0.0000,0.2143,0.4286,0.5000
29,H,H,H,H,29,0,6,12,14,0.0000,0.2069,0.4138,0.4828
30,H,H,H,H,30,0,6,12,14,0.0000,0.2000,0.4000,0.4667
31,H,F,F,F,31,0,7,13,15,0.0000,0.2258,0.4194,0.4839
32,H,F,F,F,32,0,8,14,16,0.0000,0.2500,0.4375,0.5000
33,H,H,F,F,33,0,8,15,17,0.0000,0.2424,0.4545,0.5152
34,H,H,H,F,34,0,8,15,18,0.0000,0.2353,0.4412,0.5294
35,H,H,H,H,35,0,8,15,18,0.0000,0.2286,0.4286,0.5143
36,H,H,H,F,36,0,8,15,19,0.0000,0.2222,0.4167,0.5278
37,H,H,H,F,37,0,8,15,20,0.0000,0.2162,0.4054,0.5405
38,H,H,H,H,38,0,8,15,20,0.0000,0.2105,0.3947,0.5263
39,H,H,F,H,39,0,8,16,20,0.0000,0.2051,0.4103,0.5128
40,H,H,H,H,40,0,8,16,20,0.0000,0.2000,0.4000,0.5000
41,H,H,F,F,41,0,8,17,21,0.0000,0.1951,0.4146,0.5122
42,H,H,H,F,42,0,8,17,22,0.0000,0.1905,0.4048,0.5238
43,H,H,F,F,43,0,8,18,23,0.0000,0.1860,0.4186,0.5349
44,H,H,H,H,44,0,8,18,23,0.0000,0.1818,0.4091,0.5227
45,H,H,F,F,45,0,8,19,24,0.0000,0.1778,0.4222,0.5333
46,H,H,F,F,46,0,8,20,25,0.0000,0.1739,0.4348,0.5435
47,H,H,H,H,47,0,8,20,25,0.0000,0.1702,0.4255,0.5319
48,H,F,H,H,48,0,9,20,25,0.0000,0.1875,0.4167,0.5208
49,H,H,H,H,49,0,9,20,25,0.0000,0.1837,0.4082,0.5102
50,H,F,H,H,50,0,10,20,25,0.0000,0.2000,0.4000,0.5000
51,H,H,H,H,51,0,10,20,25,0.0000,0.1961,0.3922,0.4902
52,H,H,H,H,52,0,10,20,25,0.0000,0.1923,0.3846,0.4808
53,H,H,F,H,53,0,10,21,25,0.0000,0.1887,0.3962,0.4717
54,H,H,F,F,54,0,10,22,26,0.0000,0.1852,0.4074,0.4815
55,H,H,F,F,55,0,10,23,27,0.0000,0.1818,0.4182,0.4909
56,H,H,F,H,56,0,10,24,27,0.0000,0.1786,0.4286,0.4821
57,H,H,F,F,57,0,10,25,28,0.0000,0.1754,0.4386,0.4912
58,H,H,H,F,58,0,10,25,29,0.0000,0.1724,0.4310,0.5000
59,H,H,H,H,59,0,10,25,29,0.0000,0.1695,0.4237,0.4915
60,H,F,F,F,60,0,11,26,30,0.0000,0.1833,0.4333,0.5000
61,H,H,F,H,61,0,11,27,30,0.0000,0.1803,0.4426,0.4918
62,H,H,H,F,62,0,11,27,31,0.0000,0.1774,0.4355,0.5000
63,H,H,H,H,63,0,11,27,31,0.0000,0.1746,0.4286,0.4921
64,H,H,H,H,64,0,11,27,31,0.0000,0.1719,0.4219,0.4844
65,H,H,H,H,65,0,11,27,31,0.0000,0.1692,0.4154,0.4769
66,H,H,F,F,66,0,11,28,32,0.0000,0.1667,0.4242,0.4848
67,H,H,H,H,67,0,11,28,32,0.0000,0.1642,0.4179,0.4776
68,H,H,H,H,68,0,11,28,32,0.0000,0.1618,0.4118,0.4706
69,H,H,F,H,69,0,11,29,32,0.0000,0.1594,0.4203,0.4638
70,H,H,F,F,70,0,11,30,33,0.0000,0.1571,0.4286,0.4714
71,H,H,F,H,71,0,11,31,33,0.0000,0.1549,0.4366,0.4648
72,H,F,H,H,72,0,12,31,33,0.0000,0.1667,0.4306,0.4583
73,H,H,F,F,73,0,12,32,34,0.0000,0.1644,0.4384,0.4658
74,H,H,F,H,74,0,12,33,34,0.0000,0.1622,0.4459,0.4595
75,H,F,F,H,75,0,13,34,34,0.0000,0.1733,0.4533,0.4533
76,H,H,H,F,76,0,13,34,35,0.0000,0.1711,0.4474,0.4605
77,H,H,H,F,77,0,13,34,36,0.0000,0.1688,0.4416,0.4675
78,H,H,H,F,78,0,13,34,37,0.0000,0.1667,0.4359,0.4744
79,H,H,H,H,79,0,13,34,37,0.0000,0.1646,0.4304,0.4684
80,H,H,H,H,80,0,13,34,37,0.0000,0.1625,0.4250,0.4625
81,H,F,H,H,81,0,14,34,37,0.0000,0.1728,0.4198,0.4568
82,H,H,F,H,82,0,14,35,37,0.0000,0.1707,0.4268,0.4512
83,H,H,H,F,83,0,14,35,38,0.0000,0.1687,0.4217,0.4578
84,H,H,H,H,84,0,14,35,38,0.0000,0.1667,0.4167,0.4524
85,H,H,F,H,85,0,14,36,38,0.0000,0.1647,0.4235,0.4471
86,H,H,H,F,86,0,14,36,39,0.0000,0.1628,0.4186,0.4535
87,H,H,H,F,87,0,14,36,40,0.0000,0.1609,0.4138,0.4598
88,H,H,H,F,88,0,14,36,41,0.0000,0.1591,0.4091,0.4659
89,H,H,F,H,89,0,14,37,41,0.0000,0.1573,0.4157,0.4607
90,H,F,H,F,90,0,15,37,42,0.0000,0.1667,0.4111,0.4667
91,H,H,H,F,91,0,15,37,43,0.0000,0.1648,0.4066,0.4725
92,H,H,F,F,92,0,15,38,44,0.0000,0.1630,0.4130,0.4783
93,H,F,F,F,93,0,16,39,45,0.0000,0.1720,0.4194,0.4839
94,H,H,H,F,94,0,16,39,46,0.0000,0.1702,0.4149,0.4894
95,H,F,H,H,95,0,17,39,46,0.0000,0.1789,0.4105,0.4842
96,H,F,F,F,96,0,18,40,47,0.0000,0.1875,0.4167,0.4896
97,H,F,H,H,97,0,19,40,47,0.0000,0.1959,0.4124,0.4845
98,H,F,F,F,98,0,20,41,48,0.0000,0.2041,0.4184,0.4898
99,H,H,H,H,99,0,20,41,48,0.0000,0.2020,0.4141,0.4848
100,H,H,H,F,100,0,20,41,49,0.0000,0.2000,0.4100,0.4900
101,H,F,H,F,101,0,21,41,50,0.0000,0.2079,0.4059,0.4950
102,H,H,F,H,102,0,21,42,50,0.0000,0.2059,0.4118,0.4902
103,H,F,H,H,103,0,22,42,50,0.0000,0.2136,0.4078,0.4854
104,H,H,H,F,104,0,22,42,51,0.0000,0.2115,0.4038,0.4904
105,H,H,H,F,105,0,22,42,52,0.0000,0.2095,0.4000,0.4952
106,H,H,F,H,106,0,22,43,52,0.0000,0.2075,0.4057,0.4906
107,H,H,F,F,107,0,22,44,53,0.0000,0.2056,0.4112,0.4953
108,H,H,H,F,108,0,22,44,54,0.0000,0.2037,0.4074,0.5000
109,H,H,F,F,109,0,22,45,55,0.0000,0.2018,0.4128,0.5046
110,H,H,H,H,110,0,22,45,55,0.0000,0.2000,0.4091,0.5000
111,H,H,F,H,111,0,22,46,55,0.0000,0.1982,0.4144,0.4955
112,H,H,F,H,112,0,22,47,55,0.0000,0.1964,0.4196,0.4911
113,H,H,F,F,113,0,22,48,56,0.0000,0.1947,0.4248,0.4956
114,H,F,F,H,114,0,23,49,56,0.0000,0.2018,0.4298,0.4912
115,H,H,H,H,115,0,23,49,56,0.0000,0.2000,0.4261,0.4870
116,H,H,H,F,116,0,23,49,57,0.0000,0.1983,0.4224,0.4914
117,H,H,H,F,117,0,23,49,58,0.0000,0.1966,0.4188,0.4957
118,H,H,F,F,118,0,23,50,59,0.0000,0.1949,0.4237,0.5000
119,H,F,H,H,119,0,24,50,59,0.0000,0.2017,0.4202,0.4958
120,H,H,F,H,120,0,24,51,59,0.0000,0.2000,0.4250,0.4917
121,H,H,F,H,121,0,24,52,59,0.0000,0.1983,0.4298,0.4876
122,H,F,F,H,122,0,25,53,59,0.0000,0.2049,0.4344,0.4836
123,H,F,H,F,123,0,26,53,60,0.0000,0.2114,0.4309,0.4878
124,H,H,H,H,124,0,26,53,60,0.0000,0.2097,0.4274,0.4839
125,H,H,F,H,125,0,26,54,60,0.0000,0.2080,0.4320,0.4800
126,H,H,F,H,126,0,26,55,60,0.0000,0.2063,0.4365,0.4762
127,H,F,F,H,127,0,27,56,60,0.0000,0.2126,0.4409,0.4724
128,H,H,F,H,128,0,27,57,60,0.0000,0.2109,0.4453,0.4688
129,H,H,H,H,129,0,27,57,60,0.0000,0.2093,0.4419,0.4651
130,H,H,H,F,130,0,27,57,61,0.0000,0.2077,0.4385,0.4692
131,H,H,H,F,131,0,27,57,62,0.0000,0.2061,0.4351,0.4733
132,H,H,F,F,132,0,27,58,63,0.0000,0.2045,0.4394,0.4773
133,H,H,H,H,133,0,27,58,63,0.0000,0.2030,0.4361,0.4737
134,H,F,F,F,134,0,28,59,64,0.0000,0.2090,0.4403,0.4776
135,H,F,F,F,135,0,29,60,65,0.0000,0.2148,0.4444,0.4815
136,H,H,F,F,136,0,29,61,66,0.0000,0.2132,0.4485,0.4853
137,H,H,H,H,137,0,29,61,66,0.0000,0.2117,0.4453,0.4818
138,H,H,F,H,138,0,29,62,66,0.0000,0.2101,0.4493,0.4783
139,H,H,H,F,139,0,29,62,67,0.0000,0.2086,0.4460,0.4820
140,H,H,F,H,140,0,29,63,67,0.0000,0.2071,0.4500,0.4786
141,H,H,H,H,141,0,29,63,67,0.0000,0.2057,0.4468,0.4752
142,H,H,H,H,142,0,29,63,67,0.0000,0.2042,0.4437,0.4718
143,H,H,H,F,143,0,29,63,68,0.0000,0.2028,0.4406,0.4755
144,H,F,F,H,144,0,30,64,68,0.0000,0.2083,0.4444,0.4722
145,H,F,H,F,145,0,31,64,69,0.0000,0.2138,0.4414,0.4759
146,H,H,H,H,146,0,31,64,69,0.0000,0.2123,0.4384,0.4726
147,H,H,F,F,147,0,31,65,70,0.0000,0.2109,0.4422,0.4762
148,H,H,F,H,148,0,31,66,70,0.0000,0.2095,0.4459,0.4730
149,H,H,F,F,149,0,31,67,71,0.0000,0.2081,0.4497,0.4765
150,H,F,F,H,150,0,32,68,71,0.0000,0.2133,0.4533,0.4733
151,H,F,F,H,151,0,33,69,71,0.0000,0.2185,0.4570,0.4702
152,H,H,H,H,152,0,33,69,71,0.0000,0.2171,0.4539,0.4671
153,H,F,F,H,153,0,34,70,71,0.0000,0.2222,0.4575,0.4641
154,H,H,F,F,154,0,34,71,72,0.0000,0.2208,0.4610,0.4675
155,H,H,H,H,155,0,34,71,72,0.0000,0.2194,0.4581,0.4645
156,H,F,F,H,156,0,35,72,72,0.0000,0.2244,0.4615,0.4615
157,H,H,H,F,157,0,35,72,73,0.0000,0.2229,0.4586,0.4650
158,H,F,H,H,158,0,36,72,73,0.0000,0.2278,0.4557,0.4620
159,H,H,F,F,159,0,36,73,74,0.0000,0.2264,0.4591,0.4654
160,H,H,H,F,160,0,36,73,75,0.0000,0.2250,0.4563,0.4688
161,H,H,H,H,161,0,36,73,75,0.0000,0.2236,0.4534,0.4658
162,H,H,H,F,162,0,36,73,76,0.0000,0.2222,0.4506,0.4691
163,H,F,F,F,163,0,37,74,77,0.0000,0.2270,0.4540,0.4724
164,H,F,F,H,164,0,38,75,77,0.0000,0.2317,0.4573,0.4695
165,H,F,H,F,165,0,39,75,78,0.0000,0.2364,0.4545,0.4727
166,H,H,F,F,166,0,39,76,79,0.0000,0.2349,0.4578,0.4759
167,H,F,H,F,167,0,40,76,80,0.0000,0.2395,0.4551,0.4790
168,H,H,H,F,168,0,40,76,81,0.0000,0.2381,0.4524,0.4821
169,H,F,H,F,169,0,41,76,82,0.0000,0.2426,0.4497,0.4852
170,H,F,F,F,170,0,42,77,83,0.0000,0.2471,0.4529,0.4882
171,H,H,H,F,171,0,42,77,84,0.0000,0.2456,0.4503,0.4912
172,H,F,H,F,172,0,43,77,85,0.0000,0.2500,0.4477,0.4942
173,H,H,F,F,173,0,43,78,86,0.0000,0.2486,0.4509,0.4971
174,H,H,H,H,174,0,43,78,86,0.0000,0.2471,0.4483,0.4943
175,H,H,H,H,175,0,43,78,86,0.0000,0.2457,0.4457,0.4914
176,H,F,H,H,176,0,44,78,86,0.0000,0.2500,0.4432,0.4886
177,H,H,H,H,177,0,44,78,86,0.0000,0.2486,0.4407,0.4859
178,H,H,H,F,178,0,44,78,87,0.0000,0.2472,0.4382,0.4888
179,H,F,H,H,179,0,45,78,87,0.0000,0.2514,0.4358,0.4860
180,H,H,H,F,180,0,45,78,88,0.0000,0.2500,0.4333,0.4889
181,H,H,H,F,181,0,45,78,89,0.0000,0.2486,0.4309,0.4917
182,H,H,F,F,182,0,45,79,90,0.0000,0.2473,0.4341,0.4945
183,H,F,H,F,183,0,46,79,91,0.0000,0.2514,0.4317,0.4973
184,H,H,H,H,184,0,46,79,91,0.0000,0.2500,0.4293,0.4946
185,H,F,F,F,185,0,47,80,92,0.0000,0.2541,0.4324,0.4973
186,H,H,F,F,186,0,47,81,93,0.0000,0.2527,0.4355,0.5000
187,H,H,F,F,187,0,47,82,94,0.0000,0.2513,0.4385,0.5027
188,H,F,H,H,188,0,48,82,94,0.0000,0.2553,0.4362,0.5000
189,H,H,F,H,189,0,48,83,94,0.0000,0.2540,0.4392,0.4974
190,H,H,H,F,190,0,48,83,95,0.0000,0.2526,0.4368,0.5000
191,H,H,F,F,191,0,48,84,96,0.0000,0.2513,0.4398,0.5026
192,H,H,H,F,192,0,48,84,97,0.0000,0.2500,0.4375,0.5052
193,H,H,F,H,193,0,48,85,97,0.0000,0.2487,0.4404,0.5026
194,H,H,F,F,194,0,48,86,98,0.0000,0.2474,0.4433,0.5052
195,H,F,H,F,195,0,49,86,99,0.0000,0.2513,0.4410,0.5077
196,H,H,H,H,196,0,49,86,99,0.0000,0.2500,0.4388,0.5051
197,H,H,H,F,197,0,49,86,100,0.0000,0.2487,0.4365,0.5076
198,H,H,H,H,198,0,49,86,100,0.0000,0.2475,0.4343,0.5051
199,H,H,F,H,199,0,49,87,100,0.0000,0.2462,0.4372,0.5025
200,H,H,H,H,200,0,49,87,100,0.0000,0.2450,0.4350,0.5000
201,H,F,H,H,201,0,50,87,100,0.0000,0.2488,0.4328,0.4975
202,H,H,F,H,202,0,50,88,100,0.0000,0.2475,0.4356,0.4950
203,H,H,F,F,203,0,50,89,101,0.0000,0.2463,0.4384,0.4975
204,H,H,F,H,204,0,50,90,101,0.0000,0.2451,0.4412,0.4951
205,H,F,F,F,205,0,51,91,102,0.0000,0.2488,0.4439,0.4976
206,H,F,F,F,206,0,52,92,103,0.0000,0.2524,0.4466,0.5000
207,H,H,H,H,207,0,52,92,103,0.0000,0.2512,0.4444,0.4976
208,H,H,H,F,208,0,52,92,104,0.0000,0.2500,0.4423,0.5000
209,H,H,H,F,209,0,52,92,105,0.0000,0.2488,0.4402,0.5024
210,H,H,H,H,210,0,52,92,105,0.0000,0.2476,0.4381,0.5000
211,H,H,H,H,211,0,52,92,105,0.0000,0.2464,0.4360,0.4976
212,H,F,H,F,212,0,53,92,106,0.0000,0.2500,0.4340,0.5000
213,H,H,F,F,213,0,53,93,107,0.0000,0.2488,0.4366,0.5023
214,H,H,F,H,214,0,53,94,107,0.0000,0.2477,0.4393,0.5000
215,H,H,F,F,215,0,53,95,108,0.0000,0.2465,0.4419,0.5023
216,H,H,H,F,216,0,53,95,109,0.0000,0.2454,0.4398,0.5046
217,H,F,H,F,217,0,54,95,110,0.0000,0.2488,0.4378,0.5069
218,H,H,H,H,218,0,54,95,110,0.0000,0.2477,0.4358,0.5046
219,H,F,F,F,219,0,55,96,111,0.0000,0.2511,0.4384,0.5068
220,H,F,H,F,220,0,56,96,112,0.0000,0.2545,0.4364,0.5091
221,H,H,H,F,221,0,56,96,113,0.0000,0.2534,0.4344,0.5113
222,H,F,H,F,222,0,57,96,114,0.0000,0.2568,0.4324,0.5135
223,H,F,H,H,223,0,58,96,114,0.0000,0.2601,0.4305,0.5112
224,H,F,F,H,224,0,59,97,114,0.0000,0.2634,0.4330,0.5089
225,H,F,F,H,225,0,60,98,114,0.0000,0.2667,0.4356,0.5067
226,H,H,F,H,226,0,60,99,114,0.0000,0.2655,0.4381,0.5044
227,H,F,F,H,227,0,61,100,114,0.0000,0.2687,0.4405,0.5022
228,H,F,H,H,228,0,62,100,114,0.0000,0.2719,0.4386,0.5000
229,H,F,H,F,229,0,63,100,115,0.0000,0.2751,0.4367,0.5022
230,H,H,F,F,230,0,63,101,116,0.0000,0.2739,0.4391,0.5043
231,H,H,F,F,231,0,63,102,117,0.0000,0.2727,0.4416,0.5065
232,H,F,F,H,232,0,64,103,117,0.0000,0.2759,0.4440,0.5043
233,H,H,H,F,233,0,64,103,118,0.0000,0.2747,0.4421,0.5064
234,H,F,F,F,234,0,65,104,119,0.0000,0.2778,0.4444,0.5085
235,H,H,F,F,235,0,65,105,120,0.0000,0.2766,0.4468,0.5106
236,H,F,F,H,236,0,66,106,120,0.0000,0.2797,0.4492,0.5085
237,H,H,F,F,237,0,66,107,121,0.0000,0.2785,0.4515,0.5105
238,H,F,H,F,238,0,67,107,122,0.0000,0.2815,0.4496,0.5126
239,H,H,H,F,239,0,67,107,123,0.0000,0.2803,0.4477,0.5146
240,H,F,F,H,240,0,68,108,123,0.0000,0.2833,0.4500,0.5125
241,H,F,F,H,241,0,69,109,123,0.0000,0.2863,0.4523,0.5104
242,H,H,H,H,242,0,69,109,123,0.0000,0.2851,0.4504,0.5083
243,H,F,F,H,243,0,70,110,123,0.0000,0.2881,0.4527,0.5062
244,H,H,F,H,244,0,70,111,123,0.0000,0.2869,0.4549,0.5041
245,H,H,F,H,245,0,70,112,123,0.0000,0.2857,0.4571,0.5020
246,H,F,F,F,246,0,71,113,124,0.0000,0.2886,0.4593,0.5041
247,H,H,H,F,247,0,71,113,125,0.0000,0.2874,0.4575,0.5061
248,H,F,H,F,248,0,72,113,126,0.0000,0.2903,0.4556,0.5081
249,H,H,H,H,249,0,72,113,126,0.0000,0.2892,0.4538,0.5060
250,H,H,H,H,250,0,72,113,126,0.0000,0.2880,0.4520,0.5040
251,H,F,H,F,251,0,73,113,127,0.0000,0.2908,0.4502,0.5060
252,H,H,F,H,252,0,73,114,127,0.0000,0.2897,0.4524,0.5040
253,H,H,H,F,253,0,73,114,128,0.0000,0.2885,0.4506,0.5059
254,H,F,F,H,254,0,74,115,128,0.0000,0.2913,0.4528,0.5039
255,H,H,H,H,255,0,74,115,128,0.0000,0.2902,0.4510,0.5020
256,H,H,H,F,256,0,74,115,129,0.0000,0.2891,0.4492,0.5039
257,H,H,H,H,257,0,74,115,129,0.0000,0.2879,0.4475,0.5019
258,H,H,H,F,258,0,74,115,130,0.0000,0.2868,0.4457,0.5039
259,H,H,F,H,259,0,74,116,130,0.0000,0.2857,0.4479,0.5019
260,H,F,H,H,260,0,75,116,130,0.0000,0.2885,0.4462,0.5000
261,H,H,H,F,261,0,75,116,131,0.0000,0.2874,0.4444,0.5019
262,H,F,H,F,262,0,76,116,132,0.0000,0.2901,0.4427,0.5038
263,H,H,F,H,263,0,76,117,132,0.0000,0.2890,0.4449,0.5019
264,H,F,H,F,264,0,77,117,133,0.0000,0.2917,0.4432,0.5038
265,H,H,F,H,265,0,77,118,133,0.0000,0.2906,0.4453,0.5019
266,H,H,H,H,266,0,77,118,133,0.0000,0.2895,0.4436,0.5000
267,H,H,H,H,267,0,77,118,133,0.0000,0.2884,0.4419,0.4981
268,H,F,F,F,268,0,78,119,134,0.0000,0.2910,0.4440,0.5000
269,H,F,H,F,269,0,79,119,135,0.0000,0.2937,0.4424,0.5019
270,H,F,H,F,270,0,80,119,136,0.0000,0.2963,0.4407,0.5037
271,H,H,H,H,271,0,80,119,136,0.0000,0.2952,0.4391,0.5018
272,H,F,H,F,272,0,81,119,137,0.0000,0.2978,0.4375,0.5037
273,H,F,H,H,273,0,82,119,137,0.0000,0.3004,0.4359,0.5018
274,H,F,F,H,274,0,83,120,137,0.0000,0.3029,0.4380,0.5000
275,H,H,H,H,275,0,83,120,137,0.0000,0.3018,0.4364,0.4982
276,H,H,H,F,276,0,83,120,138,0.0000,0.3007,0.4348,0.5000
277,H,H,F,H,277,0,83,121,138,0.0000,0.2996,0.4368,0.4982
278,H,F,F,H,278,0,84,122,138,0.0000,0.3022,0.4388,0.4964
279,H,F,H,F,279,0,85,122,139,0.0000,0.3047,0.4373,0.4982
280,H,H,F,H,280,0,85,123,139,0.0000,0.3036,0.4393,0.4964
281,H,H,H,H,281,0,85,123,139,0.0000,0.3025,0.4377,0.4947
282,H,F,F,H,282,0,86,124,139,0.0000,0.3050,0.4397,0.4929
283,H,H,H,H,283,0,86,124,139,0.0000,0.3039,0.4382,0.4912
284,H,H,F,H,284,0,86,125,139,0.0000,0.3028,0.4401,0.4894
285,H,H,H,F,285,0,86,125,140,0.0000,0.3018,0.4386,0.4912
286,H,F,F,F,286,0,87,126,141,0.0000,0.3042,0.4406,0.4930
287,H,H,F,H,287,0,87,127,141,0.0000,0.3031,0.4425,0.4913
288,H,F,H,F,288,0,88,127,142,0.0000,0.3056,0.4410,0.4931
289,H,F,H,H,289,0,89,127,142,0.0000,0.3080,0.4394,0.4913
290,F,H,F,H,290,1,89,128,142,0.0034,0.3069,0.4414,0.4897
291,F,H,H,F,291,2,89,128,143,0.0069,0.3058,0.4399,0.4914
292,F,H,F,F,292,3,89,129,144,0.0103,0.3048,0.4418,0.4932
293,F,H,F,H,293,4,89,130,144,0.0137,0.3038,0.4437,0.4915
294,F,H,F,F,294,5,89,131,145,0.0170,0.3027,0.4456,0.4932
295,F,F,F,H,295,6,90,132,145,0.0203,0.3051,0.4475,0.4915
296,F,F,H,F,296,7,91,132,146,0.0236,0.3074,0.4459,0.4932
297,F,H,F,H,297,8,91,133,146,0.0269,0.3064,0.4478,0.4916
298,F,F,H,H,298,9,92,133,146,0.0302,0.3087,0.4463,0.4899
299,F,F,H,F,299,10,93,133,147,0.0334,0.3110,0.4448,0.4916
300,F,F,F,H,300,11,94,134,147,0.0367,0.3133,0.4467,0.4900
301,F,H,F,F,301,12,94,135,148,0.0399,0.3123,0.4485,0.4917
302,F,H,H,F,302,13,94,135,149,0.0430,0.3113,0.4470,0.4934
303,F,F,H,H,303,14,95,135,149,0.0462,0.3135,0.4455,0.4917
304,F,F,H,H,304,15,96,135,149,0.0493,0.3158,0.4441,0.4901
305,F,H,H,F,305,16,96,135,150,0.0525,0.3148,0.4426,0.4918
306,F,F,H,F,306,17,97,135,151,0.0556,0.3170,0.4412,0.4935
307,F,F,F,H,307,18,98,136,151,0.0586,0.3192,0.4430,0.4919
308,F,H,F,H,308,19,98,137,151,0.0617,0.3182,0.4448,0.4903
309,F,H,F,F,309,20,98,138,152,0.0647,0.3172,0.4466,0.4919
310,F,H,F,H,310,21,98,139,152,0.0677,0.3161,0.4484,0.4903
311,F,H,H,F,311,22,98,139,153,0.0707,0.3151,0.4469,0.4920
312,F,H,F,F,312,23,98,140,154,0.0737,0.3141,0.4487,0.4936
313,F,F,H,H,313,24,99,140,154,0.0767,0.3163,0.4473,0.4920
314,F,F,F,H,314,25,100,141,154,0.0796,0.3185,0.4490,0.4904
315,F,F,F,H,315,26,101,142,154,0.0825,0.3206,0.4508,0.4889
316,F,H,H,H,316,27,101,142,154,0.0854,0.3196,0.4494,0.4873
317,F,H,F,H,317,28,101,143,154,0.0883,0.3186,0.4511,0.4858
318,F,H,F,F,318,29,101,144,155,0.0912,0.3176,0.4528,0.4874
319,F,F,H,F,319,30,102,144,156,0.0940,0.3197,0.4514,0.4890
320,F,F,F,F,320,31,103,145,157,0.0969,0.3219,0.4531,0.4906
321,F,F,H,F,321,32,104,145,158,0.0997,0.3240,0.4517,0.4922
322,F,F,F,F,322,33,105,146,159,0.1025,0.3261,0.4534,0.4938
323,F,F,H,H,323,34,106,146,159,0.1053,0.3282,0.4520,0.4923
324,F,H,H,H,324,35,106,146,159,0.1080,0.3272,0.4506,0.4907
325,F,H,H,F,325,36,106,146,160,0.1108,0.3262,0.4492,0.4923
326,F,H,F,F,326,37,106,147,161,0.1135,0.3252,0.4509,0.4939
327,F,H,H,F,327,38,106,147,162,0.1162,0.3242,0.4495,0.4954
328,F,F,H,F,328,39,107,147,163,0.1189,0.3262,0.4482,0.4970
329,F,F,F,F,329,40,108,148,164,0.1216,0.3283,0.4498,0.4985
330,F,F,H,H,330,41,109,148,164,0.1242,0.3303,0.4485,0.4970
331,F,F,F,H,331,42,110,149,164,0.1269,0.3323,0.4502,0.4955
332,F,H,H,F,332,43,110,149,165,0.1295,0.3313,0.4488,0.4970
333,F,H,F,H,333,44,110,150,165,0.1321,0.3303,0.4505,0.4955
334,F,H,F,F,334,45,110,151,166,0.1347,0.3293,0.4521,0.4970
335,F,F,F,F,335,46,111,152,167,0.1373,0.3313,0.4537,0.4985
336,F,F,F,F,336,47,112,153,168,0.1399,0.3333,0.4554,0.5000
337,F,H,F,H,337,48,112,154,168,0.1424,0.3323,0.4570,0.4985
338,F,H,F,H,338,49,112,155,168,0.1450,0.3314,0.4586,0.4970
339,F,F,H,H,339,50,113,155,168,0.1475,0.3333,0.4572,0.4956
340,F,H,H,F,340,51,113,155,169,0.1500,0.3324,0.4559,0.4971
341,F,F,H,F,341,52,114,155,170,0.1525,0.3343,0.4545,0.4985
342,F,F,H,H,342,53,115,155,170,0.1550,0.3363,0.4532,0.4971
343,F,F,F,F,343,54,116,156,171,0.1574,0.3382,0.4548,0.4985
344,F,H,F,F,344,55,116,157,172,0.1599,0.3372,0.4564,0.5000
345,F,H,F,H,345,56,116,158,172,0.1623,0.3362,0.4580,0.4986
346,F,H,F,F,346,57,116,159,173,0.1647,0.3353,0.4595,0.5000
347,F,F,F,H,347,58,117,160,173,0.1671,0.3372,0.4611,0.4986
348,F,H,H,F,348,59,117,160,174,0.1695,0.3362,0.4598,0.5000
349,F,H,F,H,349,60,117,161,174,0.1719,0.3352,0.4613,0.4986
350,F,F,H,F,350,61,118,161,175,0.1743,0.3371,0.4600,0.5000
351,F,H,H,H,351,62,118,161,175,0.1766,0.3362,0.4587,0.4986
352,F,F,F,F,352,63,119,162,176,0.1790,0.3381,0.4602,0.5000
353,F,F,F,H,353,64,120,163,176,0.1813,0.3399,0.4618,0.4986
354,F,F,H,F,354,65,121,163,177,0.1836,0.3418,0.4605,0.5000
355,F,F,H,H,355,66,122,163,177,0.1859,0.3437,0.4592,0.4986
356,F,H,H,H,356,67,122,163,177,0.1882,0.3427,0.4579,0.4972
357,F,H,F,H,357,68,122,164,177,0.1905,0.3417,0.4594,0.4958
358,F,F,F,H,358,69,123,165,177,0.1927,0.3436,0.4609,0.4944
359,F,F,H,F,359,70,124,165,178,0.1950,0.3454,0.4596,0.4958
360,F,H,H,F,360,71,124,165,179,0.1972,0.3444,0.4583,0.4972
361,F,H,F,H,361,72,124,166,179,0.1994,0.3435,0.4598,0.4958
362,F,F,F,H,362,73,125,167,179,0.2017,0.3453,0.4613,0.4945
363,F,F,H,F,363,74,126,167,180,0.2039,0.3471,0.4601,0.4959
364,F,F,F,H,364,75,127,168,180,0.2060,0.3489,0.4615,0.4945
365,F,H,F,H,365,76,127,169,180,0.2082,0.3479,0.4630,0.4932
366,F,F,F,F,366,77,128,170,181,0.2104,0.3497,0.4645,0.4945
367,F,F,F,F,367,78,129,171,182,0.2125,0.3515,0.4659,0.4959
368,F,H,F,F,368,79,129,172,183,0.2147,0.3505,0.4674,0.4973
369,F,F,F,F,369,80,130,173,184,0.2168,0.3523,0.4688,0.4986
370,F,F,F,F,370,81,131,174,185,0.2189,0.3541,0.4703,0.5000
371,F,F,F,F,371,82,132,175,186,0.2210,0.3558,0.4717,0.5013
372,F,H,H,H,372,83,132,175,186,0.2231,0.3548,0.4704,0.5000
373,F,F,H,H,373,84,133,175,186,0.2252,0.3566,0.4692,0.4987
374,F,F,H,H,374,85,134,175,186,0.2273,0.3583,0.4679,0.4973
375,F,F,F,F,375,86,135,176,187,0.2293,0.3600,0.4693,0.4987
376,F,F,H,H,376,87,136,176,187,0.2314,0.3617,0.4681,0.4973
377,F,H,F,H,377,88,136,177,187,0.2334,0.3607,0.4695,0.4960
378,F,H,F,F,378,89,136,178,188,0.2354,0.3598,0.4709,0.4974
379,F,F,F,F,379,90,137,179,189,0.2375,0.3615,0.4723,0.4987
380,F,H,F,H,380,91,137,180,189,0.2395,0.3605,0.4737,0.4974
381,F,H,H,F,381,92,137,180,190,0.2415,0.3596,0.4724,0.4987
382,F,F,H,H,382,93,138,180,190,0.2435,0.3613,0.4712,0.4974
383,F,H,H,F,383,94,138,180,191,0.2454,0.3603,0.4700,0.4987
384,F,H,F,H,384,95,138,181,191,0.2474,0.3594,0.4714,0.4974
385,F,H,H,H,385,96,138,181,191,0.2494,0.3584,0.4701,0.4961
386,F,F,H,H,386,97,139,181,191,0.2513,0.3601,0.4689,0.4948
387,F,F,H,H,387,98,140,181,191,0.2532,0.3618,0.4677,0.4935
388,F,F,F,H,388,99,141,182,191,0.2552,0.3634,0.4691,0.4923
389,F,F,H,F,389,100,142,182,192,0.2571,0.3650,0.4679,0.4936
390,F,F,H,F,390,101,143,182,193,0.2590,0.3667,0.4667,0.4949
391,F,F,F,H,391,102,144,183,193,0.2609,0.3683,0.4680,0.4936
392,F,F,F,H,392,103,145,184,193,0.2628,0.3699,0.4694,0.4923
393,F,H,F,H,393,104,145,185,193,0.2646,0.3690,0.4707,0.4911
394,F,F,H,H,394,105,146,185,193,0.2665,0.3706,0.4695,0.4898
395,F,H,F,F,395,106,146,186,194,0.2684,0.3696,0.4709,0.4911
396,F,H,F,F,396,107,146,187,195,0.2702,0.3687,0.4722,0.4924
397,F,F,H,F,397,108,147,187,196,0.2720,0.3703,0.4710,0.4937
398,F,H,F,F,398,109,147,188,197,0.2739,0.3693,0.4724,0.4950
399,F,F,H,H,399,110,148,188,197,0.2757,0.3709,0.4712,0.4937
400,F,H,H,F,400,111,148,188,198,0.2775,0.3700,0.4700,0.4950
401,F,F,F,F,401,112,149,189,199,0.2793,0.3716,0.4713,0.4963
402,F,F,F,F,402,113,150,190,200,0.2811,0.3731,0.4726,0.4975
403,F,F,H,F,403,114,151,190,201,0.2829,0.3747,0.4715,0.4988
404,F,F,H,F,404,115,152,190,202,0.2847,0.3762,0.4703,0.5000
405,F,H,F,H,405,116,152,191,202,0.2864,0.3753,0.4716,0.4988
406,F,F,H,F,406,117,153,191,203,0.2882,0.3768,0.4704,0.5000
407,F,F,F,F,407,118,154,192,204,0.2899,0.3784,0.4717,0.5012
408,F,F,H,H,408,119,155,192,204,0.2917,0.3799,0.4706,0.5000
409,F,F,H,F,409,120,156,192,205,0.2934,0.3814,0.4694,0.5012
410,F,F,H,H,410,121,157,192,205,0.2951,0.3829,0.4683,0.5000
411,F,F,H,F,411,122,158,192,206,0.2968,0.3844,0.4672,0.5012
412,F,F,H,F,412,123,159,192,207,0.2985,0.3859,0.4660,0.5024
413,F,F,F,H,413,124,160,193,207,0.3002,0.3874,0.4673,0.5012
414,F,F,F,H,414,125,161,194,207,0.3019,0.3889,0.4686,0.5000
415,F,F,H,H,415,126,162,194,207,0.3036,0.3904,0.4675,0.4988
416,F,H,F,H,416,127,162,195,207,0.3053,0.3894,0.4688,0.4976
417,F,F,H,H,417,128,163,195,207,0.3070,0.3909,0.4676,0.4964
418,F,F,F,F,418,129,164,196,208,0.3086,0.3923,0.4689,0.4976
419,F,F,F,H,419,130,165,197,208,0.3103,0.3938,0.4702,0.4964
420,F,H,F,F,420,131,165,198,209,0.3119,0.3929,0.4714,0.4976
421,F,F,H,H,421,132,166,198,209,0.3135,0.3943,0.4703,0.4964
422,F,F,F,H,422,133,167,199,209,0.3152,0.3957,0.4716,0.4953
423,F,F,F,H,423,134,168,200,209,0.3168,0.3972,0.4728,0.4941
424,F,H,H,F,424,135,168,200,210,0.3184,0.3962,0.4717,0.4953
425,F,F,F,F,425,136,169,201,211,0.3200,0.3976,0.4729,0.4965
426,F,F,H,F,426,137,170,201,212,0.3216,0.3991,0.4718,0.4977
427,F,F,H,F,427,138,171,201,213,0.3232,0.4005,0.4707,0.4988
428,F,H,F,H,428,139,171,202,213,0.3248,0.3995,0.4720,0.4977
429,F,H,F,F,429,140,171,203,214,0.3263,0.3986,0.4732,0.4988
430,F,H,F,H,430,141,171,204,214,0.3279,0.3977,0.4744,0.4977
431,F,F,H,F,431,142,172,204,215,0.3295,0.3991,0.4733,0.4988
432,F,H,H,F,432,143,172,204,216,0.3310,0.3981,0.4722,0.5000
433,F,F,F,F,433,144,173,205,217,0.3326,0.3995,0.4734,0.5012
434,F,H,F,H,434,145,173,206,217,0.3341,0.3986,0.4747,0.5000
435,F,H,F,F,435,146,173,207,218,0.3356,0.3977,0.4759,0.5011
436,F,F,F,F,436,147,174,208,219,0.3372,0.3991,0.4771,0.5023
437,F,F,H,F,437,148,175,208,220,0.3387,0.4005,0.4760,0.5034
438,F,F,F,H,438,149,176,209,220,0.3402,0.4018,0.4772,0.5023
439,F,F,H,H,439,150,177,209,220,0.3417,0.4032,0.4761,0.5011
440,F,F,H,F,440,151,178,209,221,0.3432,0.4045,0.4750,0.5023
441,F,F,F,H,441,152,179,210,221,0.3447,0.4059,0.4762,0.5011
442,F,H,F,H,442,153,179,211,221,0.3462,0.4050,0.4774,0.5000
443,F,H,F,H,443,154,179,212,221,0.3476,0.4041,0.4786,0.4989
444,F,F,H,F,444,155,180,212,222,0.3491,0.4054,0.4775,0.5000
445,F,F,H,F,445,156,181,212,223,0.3506,0.4067,0.4764,0.5011
446,F,H,H,F,446,157,181,212,224,0.3520,0.4058,0.4753,0.5022
447,F,F,F,H,447,158,182,213,224,0.3535,0.4072,0.4765,0.5011
448,F,F,F,F,448,159,183,214,225,0.3549,0.4085,0.4777,0.5022
449,F,H,F,H,449,160,183,215,225,0.3563,0.4076,0.4788,0.5011
450,F,F,H,F,450,161,184,215,226,0.3578,0.4089,0.4778,0.5022
451,F,F,H,H,451,162,185,215,226,0.3592,0.4102,0.4767,0.5011
452,F,H,H,F,452,163,185,215,227,0.3606,0.4093,0.4757,0.5022
453,F,F,H,F,453,164,186,215,228,0.3620,0.4106,0.4746,0.5033
454,F,H,H,H,454,165,186,215,228,0.3634,0.4097,0.4736,0.5022
455,F,F,F,H,455,166,187,216,228,0.3648,0.4110,0.4747,0.5011
456,F,F,F,H,456,167,188,217,228,0.3662,0.4123,0.4759,0.5000
457,F,F,F,H,457,168,189,218,228,0.3676,0.4136,0.4770,0.4989
458,F,F,H,F,458,169,190,218,229,0.3690,0.4148,0.4760,0.5000
459,F,F,H,F,459,170,191,218,230,0.3704,0.4161,0.4749,0.5011
460,F,F,F,H,460,171,192,219,230,0.3717,0.4174,0.4761,0.5000
461,F,F,H,H,461,172,193,219,230,0.3731,0.4187,0.4751,0.4989
462,F,F,F,F,462,173,194,220,231,0.3745,0.4199,0.4762,0.5000
463,F,F,H,F,463,174,195,220,232,0.3758,0.4212,0.4752,0.5011
464,F,F,F,F,464,175,196,221,233,0.3772,0.4224,0.4763,0.5022
465,F,F,H,F,465,176,197,221,234,0.3785,0.4237,0.4753,0.5032
466,F,F,H,H,466,177,198,221,234,0.3798,0.4249,0.4742,0.5021
467,F,H,F,H,467,178,198,222,234,0.3812,0.4240,0.4754,0.5011
468,F,F,H,H,468,179,199,222,234,0.3825,0.4252,0.4744,0.5000
469,F,F,F,F,469,180,200,223,235,0.3838,0.4264,0.4755,0.5011
470,F,F,H,H,470,181,201,223,235,0.3851,0.4277,0.4745,0.5000
471,F,F,F,H,471,182,202,224,235,0.3864,0.4289,0.4756,0.4989
472,F,H,H,H,472,183,202,224,235,0.3877,0.4280,0.4746,0.4979
473,F,H,H,H,473,184,202,224,235,0.3890,0.4271,0.4736,0.4968
474,F,F,F,H,474,185,203,225,235,0.3903,0.4283,0.4747,0.4958
475,F,H,H,H,475,186,203,225,235,0.3916,0.4274,0.4737,0.4947
476,F,H,H,H,476,187,203,225,235,0.3929,0.4265,0.4727,0.4937
477,F,F,F,F,477,188,204,226,236,0.3941,0.4277,0.4738,0.4948
478,F,F,F,F,478,189,205,227,237,0.3954,0.4289,0.4749,0.4958
479,F,F,H,H,479,190,206,227,237,0.3967,0.4301,0.4739,0.4948
480,F,F,F,H,480,191,207,228,237,0.3979,0.4313,0.4750,0.4938
481,F,F,F,H,481,192,208,229,237,0.3992,0.4324,0.4761,0.4927
482,F,F,F,F,482,193,209,230,238,0.4004,0.4336,0.4772,0.4938
483,F,F,H,H,483,194,210,230,238,0.4017,0.4348,0.4762,0.4928
484,F,F,H,F,484,195,211,230,239,0.4029,0.4360,0.4752,0.4938
485,F,F,F,H,485,196,212,231,239,0.4041,0.4371,0.4763,0.4928
486,F,F,F,F,486,197,213,232,240,0.4053,0.4383,0.4774,0.4938
487,F,F,H,F,487,198,214,232,241,0.4066,0.4394,0.4764,0.4949
488,F,H,H,F,488,199,214,232,242,0.4078,0.4385,0.4754,0.4959
489,F,F,F,H,489,200,215,233,242,0.4090,0.4397,0.4765,0.4949
490,F,F,F,F,490,201,216,234,243,0.4102,0.4408,0.4776,0.4959
491,F,H,F,F,491,202,216,235,244,0.4114,0.4399,0.4786,0.4969
492,F,F,F,H,492,203,217,236,244,0.4126,0.4411,0.4797,0.4959
493,F,F,F,H,493,204,218,237,244,0.4138,0.4422,0.4807,0.4949
494,F,F,F,F,494,205,219,238,245,0.4150,0.4433,0.4818,0.4960
495,F,F,F,F,495,206,220,239,246,0.4162,0.4444,0.4828,0.4970
496,F,H,H,F,496,207,220,239,247,0.4173,0.4435,0.4819,0.4980
497,F,F,F,H,497,208,221,240,247,0.4185,0.4447,0.4829,0.4970
498,F,F,F,F,498,209,222,241,248,0.4197,0.4458,0.4839,0.4980
499,F,H,H,F,499,210,222,241,249,0.4208,0.4449,0.4830,0.4990
500,F,F,F,H,500,211,223,242,249,0.4220,0.4460,0.4840,0.4980
501,F,F,H,F,501,212,224,242,250,0.4232,0.4471,0.4830,0.4990
502,F,H,F,F,502,213,224,243,251,0.4243,0.4462,0.4841,0.5000
503,F,F,F,H,503,214,225,244,251,0.4254,0.4473,0.4851,0.4990
504,F,F,F,H,504,215,226,245,251,0.4266,0.4484,0.4861,0.4980
505,F,F,F,H,505,216,227,246,251,0.4277,0.4495,0.4871,0.4970
506,F,F,F,F,506,217,228,247,252,0.4289,0.4506,0.4881,0.4980
507,F,F,F,H,507,218,229,248,252,0.4300,0.4517,0.4892,0.4970
508,F,F,F,H,508,219,230,249,252,0.4311,0.4528,0.4902,0.4961
509,F,F,H,F,509,220,231,249,253,0.4322,0.4538,0.4892,0.4971
510,F,F,H,F,510,221,232,249,254,0.4333,0.4549,0.4882,0.4980
511,F,F,H,F,511,222,233,249,255,0.4344,0.4560,0.4873,0.4990
512,F,F,H,F,512,223,234,249,256,0.4355,0.4570,0.4863,0.5000
513,F,F,F,H,513,224,235,250,256,0.4366,0.4581,0.4873,0.4990
514,F,F,H,H,514,225,236,250,256,0.4377,0.4591,0.4864,0.4981
515,F,H,F,H,515,226,236,251,256,0.4388,0.4583,0.4874,0.4971
516,F,F,H,H,516,227,237,251,256,0.4399,0.4593,0.4864,0.4961
517,F,F,F,F,517,228,238,252,257,0.4410,0.4603,0.4874,0.4971
518,F,F,F,F,518,229,239,253,258,0.4421,0.4614,0.4884,0.4981
519,F,F,F,H,519,230,240,254,258,0.4432,0.4624,0.4894,0.4971
520,F,F,F,H,520,231,241,255,258,0.4442,0.4635,0.4904,0.4962
521,F,F,F,F,521,232,242,256,259,0.4453,0.4645,0.4914,0.4971
522,F,F,H,F,522,233,243,256,260,0.4464,0.4655,0.4904,0.4981
523,F,F,F,F,523,234,244,257,261,0.4474,0.4665,0.4914,0.4990
524,F,F,F,F,524,235,245,258,262,0.4485,0.4676,0.4924,0.5000
525,F,H,H,F,525,236,245,258,263,0.4495,0.4667,0.4914,0.5010
526,F,F,H,H,526,237,246,258,263,0.4506,0.4677,0.4905,0.5000
527,F,F,F,F,527,238,247,259,264,0.4516,0.4687,0.4915,0.5009
528,F,F,H,H,528,239,248,259,264,0.4527,0.4697,0.4905,0.5000
529,F,F,H,H,529,240,249,259,264,0.4537,0.4707,0.4896,0.4991
530,F,F,F,F,530,241,250,260,265,0.4547,0.4717,0.4906,0.5000
531,F,H,F,H,531,242,250,261,265,0.4557,0.4708,0.4915,0.4991
532,F,F,F,F,532,243,251,262,266,0.4568,0.4718,0.4925,0.5000
533,F,F,H,H,533,244,252,262,266,0.4578,0.4728,0.4916,0.4991
534,F,H,H,F,534,245,252,262,267,0.4588,0.4719,0.4906,0.5000
535,F,F,F,F,535,246,253,263,268,0.4598,0.4729,0.4916,0.5009
536,F,F,F,H,536,247,254,264,268,0.4608,0.4739,0.4925,0.5000
537,F,F,F,H,537,248,255,265,268,0.4618,0.4749,0.4935,0.4991
538,F,F,H,H,538,249,256,265,268,0.4628,0.4758,0.4926,0.4981
539,F,H,F,F,539,250,256,266,269,0.4638,0.4750,0.4935,0.4991
540,F,F,F,H,540,251,257,267,269,0.4648,0.4759,0.4944,0.4981
541,F,F,H,F,541,252,258,267,270,0.4658,0.4769,0.4935,0.4991
542,F,F,H,H,542,253,259,267,270,0.4668,0.4779,0.4926,0.4982
543,F,H,F,H,543,254,259,268,270,0.4678,0.4770,0.4936,0.4972
544,F,F,F,F,544,255,260,269,271,0.4688,0.4779,0.4945,0.4982
545,F,F,H,F,545,256,261,269,272,0.4697,0.4789,0.4936,0.4991
546,F,F,F,F,546,257,262,270,273,0.4707,0.4799,0.4945,0.5000
547,F,F,F,F,547,258,263,271,274,0.4717,0.4808,0.4954,0.5009
548,F,F,F,H,548,259,264,272,274,0.4726,0.4818,0.4964,0.5000
549,F,F,F,H,549,260,265,273,274,0.4736,0.4827,0.4973,0.4991
550,F,F,H,H,550,261,266,273,274,0.4745,0.4836,0.4964,0.4982
551,F,F,H,H,551,262,267,273,274,0.4755,0.4846,0.4955,0.4973
552,F,F,F,F,552,263,268,274,275,0.4764,0.4855,0.4964,0.4982
553,F,F,F,H,553,264,269,275,275,0.4774,0.4864,0.4973,0.4973
554,F,F,F,F,554,265,270,276,276,0.4783,0.4874,0.4982,0.4982
555,F,F,F,H,555,266,271,277,276,0.4793,0.4883,0.4991,0.4973
556,F,F,F,F,556,267,272,278,277,0.4802,0.4892,0.5000,0.4982
557,F,F,H,F,557,268,273,278,278,0.4811,0.4901,0.4991,0.4991
558,F,F,H,H,558,269,274,278,278,0.4821,0.4910,0.4982,0.4982
559,F,F,H,F,559,270,275,278,279,0.4830,0.4919,0.4973,0.4991
560,F,F,H,F,560,271,276,278,280,0.4839,0.4929,0.4964,0.5000
561,F,F,F,F,561,272,277,279,281,0.4848,0.4938,0.4973,0.5009
562,F,F,H,H,562,273,278,279,281,0.4858,0.4947,0.4964,0.5000
563,F,F,H,F,563,274,279,279,282,0.4867,0.4956,0.4956,0.5009
564,F,F,H,H,564,275,280,279,282,0.4876,0.4965,0.4947,0.5000
565,F,F,F,H,565,276,281,280,282,0.4885,0.4973,0.4956,0.4991
566,F,F,H,H,566,277,282,280,282,0.4894,0.4982,0.4947,0.4982
567,F,F,F,F,567,278,283,281,283,0.4903,0.4991,0.4956,0.4991
568,F,F,F,H,568,279,284,282,283,0.4912,0.5000,0.4965,0.4982
569,F,F,H,F,569,280,285,282,284,0.4921,0.5009,0.4956,0.4991
570,F,F,F,F,570,281,286,283,285,0.4930,0.5018,0.4965,0.5000
571,F,F,F,F,571,282,287,284,286,0.4939,0.5026,0.4974,0.5009
572,F,F,F,F,572,283,288,285,287,0.4948,0.5035,0.4983,0.5017
573,F,F,F,H,573,284,289,286,287,0.4956,0.5044,0.4991,0.5009
574,F,F,F,H,574,285,290,287,287,0.4965,0.5052,0.5000,0.5000
575,F,F,F,F,575,286,291,288,288,0.4974,0.5061,0.5009,0.5009
576,F,F,F,H,576,287,292,289,288,0.4983,0.5069,0.5017,0.5000
577,F,F,F,H,577,288,293,290,288,0.4991,0.5078,0.5026,0.4991