code_circo,Exprimés,POUTOU,MÉLENCHON,ARTHAUD,LASSALLE,DUPONT-AIGNAN,ASSELINEAU,MACRON,LE PEN,FILLON,CHEMINADE,HAMON
01_1,64890,614,10221,401,732,4106,622,14403,16500,13460,119,3712
01_2,74756,588,11711,382,598,4507,788,17395,19319,15714,129,3625
01_3,57446,592,9695,272,614,2979,812,14550,10700,13888,106,3238
01_4,71203,637,9739,414,699,4818,570,15692,19428,15749,136,3321
01_5,57503,667,10370,373,822,3378,820,11652,15508,10993,105,2815
02_1,56349,627,9282,608,466,2859,421,10470,20175,8761,97,2583
02_2,56280,614,10080,481,399,2773,343,10920,18356,9824,92,2398
02_3,52281,593,7987,543,443,2625,354,7977,20901,8651,99,2108
02_4,59069,630,10755,532,431,2891,503,10746,20974,8990,109,2508
02_5,64220,692,10855,600,526,3504,550,11580,22381,10759,139,2634
03_1,68974,835,14043,594,904,3525,473,16276,15318,12923,134,3949
03_2,63230,801,14149,547,1003,3061,492,14785,13736,10933,114,3609
03_3,60589,692,10132,402,1081,3233,518,14683,14017,12643,107,3081
04_1,48644,615,10737,279,899,2387,457,9565,12815,8346,106,2438
04_2,51069,563,11711,242,822,2473,475,10395,11648,10096,99,2545
05_1,45614,533,9528,234,767,2550,465,10204,10302,8255,66,2710
05_2,41313,516,9268,177,842,2388,318,8744,8172,8390,99,2399
06_1,59842,347,10658,188,491,1952,636,12581,14144,16070,74,2701
06_2,67114,511,10998,251,795,3238,693,12398,19995,15531,155,2549
06_3,67103,412,11895,218,572,2588,731,13254,18031,16533,97,2772
06_4,65930,475,9820,237,730,2939,711,10584,21772,16561,104,1997
06_5,68079,381,10591,184,699,2908,688,12489,20800,16904,82,2353
06_6,61691,324,7510,138,479,2988,616,11529,18287,17858,100,1862
06_7,73654,445,9857,183,617,3282,775,16064,16532,22855,131,2913
06_8,62327,338,8183,161,403,2400,614,11025,16682,20641,106,1774
06_9,62180,389,8429,169,476,2880,603,12019,16897,18082,90,2146
07_1,61074,795,13663,405,1134,2876,705,12951,15434,9196,112,3803
07_2,74367,915,13646,521,1171,4575,680,17190,17029,14162,132,4346
07_3,61632,913,15571,391,1276,2543,600,12562,13125,10824,132,3695
08_1,56478,606,9044,495,520,3235,447,10616,18228,10532,108,2647
08_2,46687,565,9969,421,400,2191,344,8439,15078,6586,95,2599
08_3,43638,522,7159,462,486,2384,289,7857,14272,8155,64,1988
09_1,44960,621,12576,278,1569,1517,380,9776,9129,5254,63,3797
09_2,48428,562,12424,279,1736,1854,419,9753,11135,6647,77,3542
10_1,51435,470,6153,396,386,3569,399,8811,17094,12238,105,1814
10_2,58612,475,7867,394,406,3687,436,11739,17321,13802,94,2391
10_3,51021,442,8476,317,367,2979,482,10015,14431,11082,90,2340
11_1,75390,913,16170,441,1509,2851,516,15334,21872,10702,117,4965
11_2,67867,736,14396,370,1149,2617,590,13087,20242,10779,108,3793
11_3,71096,858,15557,384,1984,2797,677,14591,18470,10799,123,4856
12_1,62573,702,10735,344,2137,3182,432,16796,9304,15100,120,3721
12_2,55799,726,12306,381,1930,2574,464,14834,8827,10010,89,3658
12_3,58090,894,11648,381,2394,2798,408,13953,10457,11554,104,3499
13_1,59676,390,11609,186,486,2344,516,11297,17682,12708,81,2377
13_2,62155,337,9930,144,488,1860,499,14701,10973,20146,87,2990
13_3,52940,341,12898,172,390,1725,607,9655,16415,8450,79,2208
13_4,40851,410,15969,194,270,672,510,8908,5867,4428,79,3544
13_5,52226,414,13093,195,455,1561,465,11530,10235,10556,85,3637
13_6,56583,361,11256,190,415,2027,443,11664,14597,13027,78,2525
13_7,41652,344,16092,248,230,837,539,7068,10864,3201,93,2136
13_8,78268,640,14574,340,868,3942,779,14961,23403,15434,139,3188
13_9,75772,568,15822,275,772,3136,662,13565,21236,16757,127,2852
13_10,85378,592,16397,304,876,3768,654,16373,26436,16495,134,3349
13_11,69914,467,13139,206,626,2718,546,15900,16081,17033,111,3087
13_12,71051,527,13587,280,682,3141,598,11439,26497,11787,109,2404
13_13,72012,699,21520,451,742,2873,712,10618,23130,8443,115,2709
13_14,77192,551,15129,227,698,2874,696,19111,14655,18920,137,4194
13_15,84141,681,14304,375,1136,4140,641,15092,25597,18810,160,3205
13_16,69888,684,15875,327,906,2829,551,11430,22729,11272,126,3159
14_1,56869,668,12282,346,317,2178,362,16648,7161,11483,82,5342
14_2,53121,758,13307,436,341,2138,373,14119,9189,7604,91,4765
14_3,62115,897,11097,600,519,3494,479,12706,16535,12254,102,3432
14_4,80644,925,13157,547,607,3897,573,18909,16753,20937,136,4203
14_5,72783,848,12024,467,546,3840,464,18731,15021,16024,123,4695
14_6,76090,1173,13753,703,581,4532,579,18607,17111,14038,157,4856
15_1,49464,600,8301,350,1318,2131,311,14291,8532,10664,92,2874
15_2,42102,579,6265,342,1522,1916,216,10192,8103,10925,106,1936
16_1,63425,757,14148,425,828,2643,569,17427,11384,10215,131,4898
16_2,64783,858,11820,526,1029,3512,473,15514,14850,12442,156,3603
16_3,70805,1109,14787,700,1228,3853,498,16948,16364,11087,163,4068
17_1,79586,788,16783,378,843,2947,624,23118,10383,17634,134,5954
17_2,81594,1166,17226,561,1144,4435,617,20357,16379,14520,137,5052
17_3,63274,883,12669,534,888,3589,541,14388,14216,11628,133,3805
17_4,70139,964,11514,538,1189,4198,567,14995,18011,14787,133,3243
17_5,87675,1077,14342,565,1218,5180,671,18534,21833,20120,156,3979
18_1,54885,676,9846,467,594,2934,475,12659,11979,12129,113,3013
18_2,52033,637,11765,540,510,2637,446,11445,12701,8570,87,2695
18_3,65765,793,12082,623,821,3983,558,13971,17073,12267,145,3449
19_1,73614,1299,16492,553,2386,3532,520,19440,12448,11967,184,4793
19_2,72000,1020,13866,498,1867,3517,574,19778,12805,13460,145,4470
2A_1,34173,309,4716,89,2006,998,226,6601,9724,8114,51,1339
2A_2,38694,348,5369,129,1942,1220,259,6421,11133,10600,66,1207
2B_1,39215,342,5626,132,1972,1083,237,7111,11172,9790,173,1577
2B_2,42293,381,5495,145,2847,1161,245,8395,11011,10894,62,1657
21_1,55037,422,9992,258,403,2286,499,15517,7687,14018,84,3871
21_2,54058,529,10165,297,440,2754,450,13249,11842,10810,94,3428
21_3,55025,496,11346,329,413,2934,505,13312,12789,9149,102,3650
21_4,54404,695,9278,481,654,3199,457,11012,14391,11400,106,2731
21_5,66601,676,10078,430,725,3807,546,14346,17493,15247,123,3130
22_1,72645,981,15489,499,536,2768,476,22472,10397,12132,124,6771
22_2,80769,1028,14729,629,720,3603,551,21777,13994,17420,139,6179
22_3,72302,1041,12844,621,656,3694,472,20080,13764,13897,120,5113
22_4,64382,1270,15373,677,764,2633,400,16855,11226,9113,114,5957
22_5,84871,1148,17578,602,878,3260,580,23785,12322,16354,124,8240
23_1,70251,1209,14827,684,1352,3521,580,15807,13966,12637,174,5494
24_1,59451,830,14868,364,1204,2593,503,13597,11980,9410,105,3997
24_2,64553,880,13364,385,1730,3003,547,14184,15374,11345,131,3610
24_3,54090,847,12127,430,1315,2623,401,11625,11660,9653,116,3293
24_4,70616,1021,16773,447,1801,3205,677,16539,13030,12102,138,4883
25_1,57867,629,12293,370,427,2618,560,14415,11514,10767,92,4182
25_2,61437,696,12551,379,503,2679,592,15473,11213,12953,143,4255
25_3,50005,684,8123,413,467,2665,561,10096,14136,10344,77,2439
25_4,49711,624,8881,508,429,2557,650,9669,15651,7912,85,2745
25_5,65159,932,8955,381,706,4214,766,14301,14121,17953,133,2697
26_1,57284,605,11716,331,553,2692,635,13978,11222,11526,84,3942
26_2,71501,724,13238,416,915,3912,729,14825,20262,12826,132,3522
26_3,85984,1104,19543,541,1520,4171,871,18613,18229,15557,164,5671
26_4,73971,741,13489,908,880,4222,753,15798,19283,13494,153,4250
27_1,67226,707,11098,536,536,3882,605,13361,19642,13514,113,3232
27_2,62611,758,10721,524,454,3442,481,12856,18044,12004,125,3202
27_3,67599,823,11165,550,553,4039,520,12812,20409,13552,120,3056
27_4,70029,872,13989,498,488,4054,648,14352,19771,11315,111,3931
27_5,69310,773,11871,525,571,3679,673,13605,20851,13051,133,3578
28_1,70492,695,11776,442,587,4112,750,17714,14190,15916,126,4184
28_2,55680,565,10457,400,408,3098,633,11048,14728,11122,107,3114
28_3,55024,651,8486,465,465,3391,437,11946,14345,11909,112,2817
28_4,53583,748,7316,510,482,3502,433,10330,15623,12328,109,2202
29_1,72932,1026,13285,437,681,2917,493,23862,8759,13519,103,7850
29_2,59749,681,13015,279,408,2058,424,17565,7504,9703,85,8027
29_3,72742,901,13609,459,750,3373,529,21014,10549,13184,99,8275
29_4,66994,970,13985,463,749,2449,382,19452,8422,12675,127,7320
29_5,78076,991,13909,463,771,3491,408,23568,10734,15141,123,8477
29_6,72498,1365,14586,533,1039,3094,509,20195,10802,12645,108,7622
29_7,64716,1022,13167,486,878,2600,404,19237,8979,11489,101,6353
29_8,69477,1294,14051,518,916,2755,548,19201,11617,11609,111,6857
30_1,65174,535,14155,288,696,2569,725,12432,18755,11849,96,3074
30_2,71263,582,13425,293,918,3243,614,12445,23899,12836,110,2898
30_3,74614,688,13836,387,1070,3528,782,14669,21892,14034,126,3602
30_4,71894,744,16404,410,1146,3110,672,12969,22123,10895,116,3305
30_5,75622,947,20072,443,1363,2815,726,14041,20056,10887,122,4150
30_6,62115,548,13013,271,753,2543,577,12450,16548,11865,103,3444
31_1,63567,628,17061,234,963,1944,564,18400,7106,10411,108,6148
31_2,78503,727,19536,328,1220,2932,685,21641,11095,13530,128,6681
31_3,63262,471,13189,207,861,1913,471,18467,6377,15871,102,5333
31_4,51231,514,15570,187,597,1224,474,13685,4689,8590,90,5611
31_5,80938,846,17652,407,1600,4115,686,19367,18274,12536,156,5299
31_6,91652,842,20529,411,1562,3932,754,26580,15952,13630,162,7298
31_7,80704,850,18256,441,1738,3627,626,18566,18857,11505,149,6089
31_8,66707,793,14319,371,3184,2706,526,14213,15719,9726,125,5025
31_9,60991,674,16819,281,984,2036,563,15729,9246,8618,123,5918
31_10,81316,760,17346,300,1729,3376,609,23373,12790,14139,146,6748
32_1,60177,639,12388,344,2631,2606,537,14525,11204,10108,92,5103
32_2,58506,615,10701,333,2428,2772,500,13250,12183,11204,96,4424
33_1,73593,886,14176,233,985,2115,666,23142,7117,18270,115,5888
33_2,50569,610,12344,116,564,1030,404,16118,3035,10619,65,5664
33_3,61138,958,18090,244,1025,1922,598,17346,6935,7349,122,6549
33_4,69524,1252,17714,395,1172,2958,720,17129,13794,8480,136,5774
33_5,87495,1799,18330,467,1761,4239,642,20493,21123,13132,126,5383
33_6,82511,1188,17740,324,1266,3591,686,25626,11566,13455,139,6930
33_7,60820,835,14216,227,1044,2436,489,19183,7160,9460,106,5664
33_8,86274,1127,14730,351,1887,4103,673,21292,16288,21225,174,4424
33_9,75728,1193,17212,468,2018,3498,631,18117,15675,11300,155,5461
33_10,63512,985,12023,294,1423,2858,460,14164,16011,11309,127,3858
33_11,72182,1331,14479,502,1497,3806,555,14009,22219,9570,140,4074
33_12,67469,1069,14803,359,1817,2974,521,15663,14396,11114,122,4631
34_1,65495,496,15177,215,726,2316,727,14964,14499,12502,94,3779
34_2,43412,420,14634,152,297,885,502,10671,4766,6899,64,4122
34_3,69268,544,14758,202,763,2655,692,17397,13168,14410,94,4585
34_4,90905,883,21625,402,1429,3718,913,18812,22871,14931,113,5208
34_5,74975,915,17772,411,1588,2977,651,13126,22279,10940,124,4192
34_6,69694,533,13329,285,1052,2592,504,11855,23726,12705,97,3016
34_7,79698,717,16225,362,1004,3092,589,13548,25587,14921,111,3542
34_8,69180,614,16527,261,841,2651,686,14417,17996,10960,110,4117
34_9,64217,538,13949,206,761,2273,655,13831,16227,12071,87,3619
35_1,71832,735,16437,443,416,2637,505,24084,7177,10924,130,8344
35_2,77508,741,15418,417,497,2592,460,27141,7035,14902,134,8171
35_3,71194,884,14322,559,584,3356,465,21186,11419,12119,123,6177
35_4,74571,1104,15081,621,637,4099,526,20115,14125,12147,147,5969
35_5,86103,1085,14932,779,671,4969,568,25376,13241,18529,143,5810
35_6,71559,989,12272,677,680,3986,487,19182,13670,14412,137,5067
35_7,78876,861,13389,537,657,3276,547,21956,12755,19373,106,5419
35_8,67692,666,16243,305,389,1907,435,22333,5224,11628,101,8461
36_1,60391,771,11821,586,751,3148,512,13064,14195,11906,132,3505
36_2,70543,986,13117,804,977,4029,586,14237,17790,13570,166,4281
37_1,50843,501,12101,286,350,1761,409,13829,5627,11206,92,4681
37_2,72010,899,13385,526,606,4392,607,17026,15414,14549,151,4455
37_3,78104,924,14809,659,712,4558,596,19218,15345,16166,167,4950
37_4,71461,891,14051,665,690,3850,489,16953,14388,14491,123,4870
37_5,67487,692,11585,470,571,3891,519,16139,13748,15784,146,3942
38_1,65404,419,13382,214,400,1786,487,21303,5838,15716,91,5768
38_2,58316,614,15055,329,526,2354,609,15053,11443,8003,97,4233
38_3,43993,477,12529,238,280,1618,448,11727,6892,5620,68,4096
38_4,70358,738,14974,394,780,3461,664,17762,14294,12324,127,4840
38_5,80744,850,17403,413,809,4029,812,21522,15746,13002,136,6022
38_6,64038,571,10333,351,602,4037,711,13358,19982,11094,111,2888
38_7,71679,778,12570,455,950,4553,683,14929,21150,12004,136,3471
38_8,61008,565,10749,320,618,3589,610,14063,16113,10961,95,3325
38_9,75579,746,15143,453,877,4135,699,18883,16265,13106,152,5120
38_10,71388,625,13809,428,695,4211,835,15489,20185,11095,127,3889
39_1,51469,619,10765,388,665,2875,436,11509,11901,9505,97,2709
39_2,43290,674,8315,333,675,2750,458,9042,9872,8951,100,2120
39_3,54810,687,11251,427,654,2908,436,11345,14337,9917,88,2760
40_1,80143,950,15591,448,2831,3981,643,19390,15757,13487,138,6927
40_2,89348,976,18739,400,3714,3676,710,22934,14521,16712,123,6843
40_3,78500,950,15646,390,3945,3367,566,18749,14699,12288,112,7788
41_1,63944,708,11326,457,529,3714,526,14998,13867,13124,111,4584
41_2,63494,718,9776,502,650,3930,456,12471,17968,13957,154,2912
41_3,66300,772,10474,583,664,4002,534,13170,16827,15675,139,3460
42_1,48392,507,10974,266,466,2141,471,11854,9713,8286,76,3638
42_2,38360,400,9265,231,298,1469,422,9637,6468,6963,66,3141
42_3,62221,613,11572,345,693,3859,609,14499,15352,11030,97,3552
42_4,78351,867,15329,521,999,4586,664,17033,21153,12866,138,4195
42_5,79407,854,13394,579,1177,4824,622,18247,20020,15471,136,4083
42_6,84636,866,12854,605,1408,5810,695,19407,21516,17232,154,4089
43_1,77452,1057,13591,589,1480,4891,586,17985,19319,13773,160,4021
43_2,62122,871,11827,454,1632,3455,464,14834,12866,12183,122,3414
44_1,60406,536,12527,190,337,1820,402,19814,4523,14432,96,5729
44_2,69424,603,17650,236,353,1610,575,21370,4375,14843,82,7727
44_3,72867,832,19322,372,422,2683,610,21577,8566,10837,114,7532
44_4,71982,872,18873,424,441,2818,549,22057,8107,10504,114,7223
44_5,97228,1076,20124,485,709,4577,735,31292,11641,18647,170,7772
44_6,89420,1405,17692,740,830,4956,681,21880,17491,17759,174,5812
44_7,89104,1143,15952,512,723,4174,723,23445,14268,23130,154,4880
44_8,67073,876,17777,578,526,2872,500,18364,10998,8775,104,5703
44_9,97107,1214,19550,687,927,5665,681,23907,17873,20437,178,5988
44_10,96846,1061,18890,561,761,5371,673,28896,13352,20339,168,6774
45_1,60090,516,9972,331,461,3127,489,17390,9476,14099,109,4120
45_2,66175,722,11473,441,571,3685,567,16504,13807,13947,127,4331
45_3,56472,623,8316,397,618,3894,544,11917,15189,12062,116,2796
45_4,57311,569,8992,418,560,3614,537,10864,17171,11986,123,2477
45_5,58192,701,9484,460,553,3761,513,11864,16442,11424,127,2863
45_6,57332,524,9897,333,440,3047,459,14967,11577,12137,100,3851
46_1,57358,777,13519,329,1446,2410,446,14751,9871,9515,129,4165
46_2,53427,751,12495,394,1627,2140,425,14776,7993,8944,97,3785
47_1,69322,755,13192,346,2255,3239,608,15239,16677,12860,102,4049
47_2,60376,747,11330,357,2037,3058,495,11934,16017,10969,118,3314
47_3,59124,790,11496,341,1791,3110,557,12080,14577,10999,107,3276
48_1,48147,683,9483,294,1764,2197,354,10463,9097,10986,93,2733
49_1,66823,707,12372,437,445,2987,519,18757,8798,16527,98,5176
49_2,72299,864,14139,599,537,3484,533,20630,10020,15832,124,5537
49_3,56419,767,9172,551,460,3380,352,11447,13908,13322,113,2947
49_4,60004,799,8913,497,503,3601,408,13776,13192,14931,114,3270
49_5,62088,778,9687,538,448,3638,525,18788,8973,15110,97,3506
49_6,77821,1020,12857,745,656,4862,611,20990,12805,18260,142,4873
49_7,63502,761,11153,493,434,3369,491,17297,10239,14906,115,4244
50_1,69374,926,10952,617,497,3991,431,17368,15127,15182,125,4158
50_2,76310,1073,11428,737,699,4934,544,18477,14456,19636,146,4180
50_3,86459,1195,14305,722,767,4870,593,20819,18947,18966,198,5077
50_4,68835,952,14450,519,561,3307,482,18134,13206,11208,154,5862
51_1,54730,498,9523,408,348,2811,480,12971,13040,11409,102,3140
51_2,55808,495,8938,375,423,2840,475,13337,12664,13114,88,3059
51_3,61643,626,9085,462,536,3712,564,11887,18081,13922,116,2652
51_4,60239,576,9621,462,516,3555,493,12319,17091,12579,109,2918
51_5,61349,567,7257,469,528,3978,429,10444,21597,14056,110,1914
52_1,55848,723,8958,498,682,3477,420,11274,15739,11362,117,2598
52_2,46592,510,6422,428,444,2940,393,7164,18288,8228,81,1694
53_1,58700,685,9488,501,415,2921,399,16164,9436,14977,94,3620
53_2,63301,762,9062,471,533,3489,430,16522,10075,18354,107,3496
53_3,58231,795,8248,655,577,3697,353,14252,10954,15441,128,3131
54_1,61763,660,12849,357,453,2852,575,16123,10481,12252,122,5039
54_2,53051,480,10013,275,370,2126,534,15409,7970,11477,113,4284
54_3,59494,850,15754,521,465,2640,534,12152,15710,7647,108,3113
54_4,76422,945,13228,741,794,4404,640,14659,24399,12484,120,4008
54_5,62415,746,10342,528,596,3841,601,12221,19544,10276,144,3576
54_6,66521,802,15114,526,558,3468,574,13139,20090,8518,126,3606
55_1,60814,841,9094,491,766,4000,541,11690,19725,10675,126,2865
55_2,46231,589,6926,395,528,2802,315,9023,14877,8612,111,2053
56_1,86871,839,13148,416,714,3637,570,27188,11225,22572,168,6394
56_2,85436,1133,15123,524,955,4036,631,22842,14430,19093,147,6522
56_3,75273,1183,12474,625,874,4027,511,20363,16000,14349,149,4718
56_4,86390,1219,14859,718,820,4652,592,21685,18351,17886,172,5436
56_5,61851,721,12229,411,512,2369,436,18581,9180,11611,107,5694
56_6,73014,1214,14187,597,945,3690,509,19980,13741,12389,158,5604
57_1,68093,736,13990,547,494,3058,692,15685,17667,11070,111,4043
57_2,57749,550,9867,359,479,3157,608,13997,13318,11833,125,3456
57_3,56357,621,9986,334,467,2873,532,14170,12845,10746,110,3673
57_4,63974,783,8124,672,845,4994,623,11131,21566,12508,146,2582
57_5,55673,810,7551,593,1028,3949,588,10347,18203,10176,132,2296
57_6,49213,660,9799,469,488,2840,574,8312,16574,7085,110,2302
57_7,68111,918,11547,704,707,4367,701,12315,22883,10585,145,3239
57_8,64662,978,16261,597,504,2862,831,12995,18229,7377,115,3913
57_9,75394,919,12992,654,751,4425,828,18786,17267,14623,173,3976
58_1,56562,683,11446,429,584,2920,445,13219,13637,9389,114,3696
58_2,63852,862,11631,573,779,3523,513,14135,16178,11382,120,4156
59_1,44580,457,13556,285,208,1243,474,10702,6894,6043,69,4649
59_2,64829,638,18592,411,351,2280,719,15483,11678,8738,111,5828
59_3,67539,676,13854,640,488,3213,558,10739,24608,9486,101,3176
59_4,76916,634,13928,438,449,3485,553,20464,13634,18249,155,4927
59_5,78927,693,15103,559,457,4404,605,17140,21834,13364,157,4611
59_6,73139,499,11560,451,483,4010,493,17764,16583,17385,108,3803
59_7,54756,447,11805,301,264,2503,546,12590,11021,12013,98,3168
59_8,44326,452,13122,352,217,1559,619,9047,11074,4834,75,2975
59_9,68656,529,12619,305,377,2416,556,17196,9493,20736,99,4330
59_10,57748,591,12364,408,374,2925,575,11436,15515,10441,87,3032
59_11,68327,687,15554,510,419,3131,576,15082,15402,11516,124,5326
59_12,70655,650,13741,672,533,3961,476,11237,25451,10910,114,2910
59_13,65156,886,16051,729,435,3124,709,10873,21483,7009,117,3740
59_14,78277,923,13291,721,715,4770,561,14282,25531,13785,153,3545
59_15,76432,914,13247,737,639,4522,513,14747,22788,14615,122,3588
59_16,61849,628,16138,650,374,2634,412,9238,22920,5747,111,2997
59_17,55377,535,12300,432,327,2562,457,9685,18212,7925,104,2838
59_18,69004,646,11401,702,441,4309,562,11721,24584,11665,130,2843
59_19,59244,543,14078,585,300,2481,460,8731,23318,5726,87,2935
59_20,57718,595,12987,587,319,2816,443,9102,21696,6525,110,2538
59_21,60348,528,12824,500,365,2897,583,11464,18311,9998,106,2772
60_1,64485,824,10558,665,508,3462,542,12260,22370,10227,117,2952
60_2,70238,777,10866,681,586,4181,565,12630,24588,12279,140,2945
60_3,55816,617,13010,456,404,2945,890,10476,16511,7373,106,3028
60_4,73480,570,10701,368,609,3880,803,16260,18405,18532,123,3229
60_5,56309,609,9940,458,452,3088,592,11802,16875,9613,93,2787
60_6,58826,621,10214,540,434,3100,531,11809,17998,10895,116,2568
60_7,58639,665,12126,509,421,3280,743,11445,18429,7864,132,3025
61_1,55412,727,8317,477,503,3091,346,12806,11988,13868,112,3177
61_2,53686,642,7069,453,488,3132,418,10022,14441,14621,115,2285
61_3,56959,778,9156,583,489,3421,527,12987,13103,12595,123,3197
62_1,84541,909,12604,842,688,4806,592,15177,29692,15515,145,3571
62_2,67509,708,12648,612,533,3470,500,16214,16303,12082,122,4317
62_3,61016,675,15277,716,316,2292,501,8664,24370,4690,105,3410
62_4,69860,739,9989,665,505,3731,391,16375,19005,15480,99,2881
62_5,67658,754,14078,681,479,3118,361,14247,19552,10357,129,3902
62_6,74176,752,11896,725,616,4548,394,13628,24616,13240,145,3616
62_7,68658,699,13719,632,473,3614,505,11790,24632,9183,117,3294
62_8,71595,775,13464,945,566,3625,402,14360,23579,10146,129,3604
62_9,61663,584,11287,572,454,3409,392,12064,19587,10103,104,3107
62_10,66278,797,14069,784,404,2898,407,10113,26364,6569,114,3759
62_11,69354,760,16039,665,391,2780,603,10088,28556,5698,92,3682
62_12,70844,850,14272,828,407,3136,436,10962,29891,6014,107,3941
63_1,61686,729,14961,405,792,2306,578,18118,9538,8837,130,5292
63_2,68879,1036,14781,587,1515,3340,550,17512,13625,10949,141,4843
63_3,69586,774,13551,413,1412,2742,471,20907,8812,14979,164,5361
63_4,77257,1089,18008,598,1532,3526,599,21289,13259,11559,181,5617
63_5,79169,1102,17116,696,2097,3731,712,18971,17796,12108,139,4701
64_1,53537,578,11042,198,2208,2115,417,15837,7528,9026,71,4517
64_2,64376,667,12131,244,3549,2657,449,18992,9984,10869,82,4752
64_3,65718,843,13684,334,5391,2653,460,16752,10962,9123,75,5441
64_4,63889,1647,12527,389,10290,2161,363,14272,7535,9959,92,4654
64_5,70953,1016,14900,268,3514,2575,616,18681,9515,14081,86,5701
64_6,77180,1620,14519,366,4930,2566,477,19424,8852,18800,102,5524
65_1,68546,818,16332,370,3322,2827,489,17681,12280,9146,90,5191
65_2,70995,760,15763,396,3606,3041,534,17321,13650,11079,110,4735
66_1,53092,531,11380,272,718,1937,468,10380,14811,9749,100,2746
66_2,74794,792,14390,406,1222,2776,582,12954,25581,12921,125,3045
66_3,63416,838,14425,343,1252,2255,572,11743,17473,10633,109,3773
66_4,75485,892,16197,456,1442,2773,681,14168,22304,12562,119,3891
67_1,47239,428,11723,186,286,1098,596,13528,4602,10100,61,4631
67_2,52813,519,12061,311,450,1990,679,14019,8284,9687,103,4710
67_3,51700,479,11281,296,416,2251,734,13129,8704,10471,87,3852
67_4,75783,600,10101,419,681,4713,747,19073,16195,19294,132,3828
67_5,81547,1035,10807,786,1003,6239,922,16831,22978,17208,171,3567
67_6,75514,847,9626,651,984,5579,773,15743,20688,17062,198,3363
67_7,67470,818,7557,752,946,5595,778,12568,21499,14343,144,2470
67_8,73535,1047,7156,885,881,6345,784,13435,24218,16151,154,2479
67_9,72185,780,8064,559,772,5443,824,14928,20427,17179,156,3053
68_1,57972,672,8158,477,675,3708,812,12663,15018,12697,148,2944
68_2,72782,897,10154,598,1145,5433,852,14668,19220,16269,176,3370
68_3,67045,725,7690,486,853,5540,766,12058,18098,18225,178,2426
68_4,80093,1078,11434,697,989,6282,1028,14107,25916,15033,195,3334
68_5,56934,539,9227,349,604,3176,786,13012,11931,13851,129,3330
68_6,69084,816,11193,494,738,4423,973,13290,19521,14162,184,3290
69_1,53964,467,12709,236,386,1753,552,16094,6190,10825,108,4644
69_2,59652,486,15388,190,322,1212,455,17625,4116,13886,85,5887
69_3,56940,480,14070,221,345,1545,578,17266,5129,11420,102,5784
69_4,63967,412,11467,194,369,1687,553,20099,5349,18634,103,5100
69_5,68807,416,9823,211,432,2624,580,19505,9103,22233,83,3797
69_6,59629,550,15791,347,368,2052,717,16538,7813,9893,101,5459
69_7,46467,448,12340,248,296,1733,662,11268,8095,7816,77,3484
69_8,81005,625,11726,423,770,4816,746,19402,16314,22117,137,3929
69_9,71693,647,10508,323,714,4196,710,16193,17236,17448,109,3609
69_10,76898,535,10956,304,696,4891,710,20249,13590,20760,128,4079
69_11,72321,601,13423,375,699,3997,730,17628,16922,14104,119,3723
69_12,62586,432,10703,311,466,2679,567,17637,8688,17057,96,3950
69_13,64640,499,11198,261,475,3351,781,15715,15408,13551,104,3297
69_14,49915,552,15009,420,364,1890,846,10932,10532,5907,92,3371
70_1,69507,967,10533,613,727,4343,583,14097,20688,13661,138,3157
70_2,70015,1054,11617,712,785,3833,623,13235,23065,11523,129,3439
71_1,56131,555,9843,313,570,3459,529,13572,11457,11973,99,3761
71_2,60953,678,10384,490,750,4386,432,13368,14255,12923,107,3180
71_3,63203,756,10623,444,593,3598,477,14248,16088,12266,103,4007
71_4,62873,770,11060,475,656,4165,536,12710,17670,11181,98,3552
71_5,66789,829,13339,479,584,3353,561,15314,15787,11757,102,4684
72_1,57959,610,9966,363,364,2331,361,12710,10205,17468,107,3474
72_2,63540,702,12870,461,373,2523,447,13421,13390,15358,114,3881
72_3,68274,821,11521,660,541,3108,444,12086,16409,19353,114,3217
72_4,63919,706,11588,447,401,2550,374,12084,12496,20089,109,3075
72_5,68750,726,10906,521,462,3145,448,14316,14582,19993,103,3548
73_1,68743,643,11441,319,892,4078,673,16344,15293,15399,108,3553
73_2,57951,706,10487,289,840,3535,629,11962,12774,13975,110,2644
73_3,56997,645,10387,334,733,3270,579,13132,13915,10723,111,3168
73_4,57868,584,12698,277,687,2790,727,14433,10466,10718,101,4387
74_1,80486,747,12040,356,867,4986,866,21617,14197,20336,173,4301
74_2,74987,683,12397,313,846,4338,933,19805,12175,18937,135,4425
74_3,64127,733,10827,317,729,4409,708,14012,14223,14617,141,3411
74_4,62569,690,10650,296,613,3353,985,15174,11680,15528,141,3459
74_5,72304,767,11878,396,806,4209,954,16524,13893,19098,132,3647
74_6,59014,643,9285,241,788,3489,575,13042,11750,16534,105,2562
75_1,68817,263,8285,104,315,832,419,26972,2666,23670,68,5223
75_2,61756,262,7105,97,331,806,352,22824,2359,23058,68,4494
75_3,56413,386,11402,153,277,1059,471,20793,2986,12988,90,5808
75_4,59167,115,3950,55,229,770,266,16987,2455,32193,51,2096
75_5,63251,402,14474,172,284,760,431,25205,2432,10718,67,8306
75_6,62752,552,18164,215,295,890,474,21475,2861,8607,80,9139
75_7,64174,417,13231,163,324,917,426,25949,2655,12341,74,7677
75_8,67551,464,14422,217,412,1597,560,23569,4211,14350,122,7627
75_9,55593,510,13698,223,347,1212,570,19087,3703,9593,111,6539
75_10,54704,407,12716,202,330,1244,563,18896,3649,10156,94,6447
75_11,60477,350,9765,157,304,917,443,23464,2502,16145,92,6338
75_12,63007,242,6893,115,331,1078,425,22532,2842,24267,73,4209
75_13,62648,342,9044,150,364,1424,532,22370,3666,19512,82,5162
75_14,61400,118,3559,53,194,879,297,16742,2556,34999,50,1953
75_15,60490,610,18514,240,337,1203,612,18721,3733,8163,100,8257
75_16,54968,461,16776,249,284,909,510,16446,3136,8860,74,7263
75_17,43895,456,14996,179,222,706,519,12374,2682,5964,72,5725
75_18,55494,442,13554,153,310,794,465,20600,2625,9160,104,7287
76_1,49980,499,11768,213,271,1537,416,13936,5993,10819,80,4448
76_2,76823,715,12903,413,473,4016,585,19169,16360,17687,137,4365
76_3,52262,786,16386,429,267,1904,508,11208,10954,5237,97,4486
76_4,66981,988,17315,585,398,2882,671,13969,17424,7324,116,5309
76_5,76215,1057,15626,681,510,4016,565,16154,21230,11544,165,4667
76_6,85855,972,15797,813,616,4455,510,15772,26900,16305,164,3551
76_7,66836,662,15895,359,454,2996,455,15760,12917,13315,117,3906
76_8,47319,549,16514,327,232,1799,409,8427,11245,4988,89,2740
76_9,75688,1014,15634,703,558,4445,512,14077,21642,13162,134,3807
76_10,88567,1079,14556,833,604,4986,574,17284,26280,17955,179,4237
77_1,52331,495,10671,295,397,3112,617,12598,10356,10784,96,2910
77_2,62569,580,10680,356,495,3582,665,14689,13232,14645,127,3518
77_3,59060,555,12390,320,445,3767,704,12042,15273,9983,98,3483
77_4,68757,680,11727,435,608,4415,656,11888,22480,12780,132,2956
77_5,66449,594,12264,367,562,4348,801,14272,17511,12464,136,3130
77_6,60220,583,12682,353,461,3723,690,12504,16584,9399,99,3142
77_7,66680,569,14754,360,454,3852,864,14820,16232,11177,118,3480
77_8,69686,622,14748,313,518,3791,796,19772,11528,12939,132,4527
77_9,65859,569,13077,349,466,4846,763,16269,13905,11770,122,3723
77_10,60146,574,15702,311,438,2799,932,16168,9539,9138,107,4438
77_11,49136,533,13172,247,341,3293,709,12351,8969,5966,80,3475
78_1,68223,395,9912,181,432,2355,699,20452,6109,22242,114,5332
78_2,71281,407,9737,209,546,3028,651,23015,7546,21371,144,4627
78_3,67969,367,7693,174,416,2293,479,20029,6157,26525,98,3738
78_4,64276,355,8900,178,405,2439,575,21680,5985,19504,96,4159
78_5,58422,374,8946,184,337,1988,543,18526,5744,18103,100,3577
78_6,59076,395,8988,188,398,2106,597,18244,6195,18440,105,3420
78_7,63075,549,11761,306,528,3113,700,17945,9850,13663,108,4552
78_8,54355,586,14322,337,406,2613,858,11864,11838,7901,116,3514
78_9,71798,632,13519,421,559,4074,927,16860,15110,15352,135,4209
78_10,73434,516,11482,282,597,3892,780,20483,10322,19875,147,5058
78_11,51870,417,11276,197,363,2303,685,13794,6272,9846,95,6622
78_12,55147,455,9804,215,384,2702,653,16169,6896,14013,100,3756
79_1,70522,998,15069,510,780,3261,520,21366,9862,12055,118,5983
79_2,76832,1337,15714,780,1058,4050,535,19434,15235,13068,157,5464
79_3,67044,1148,10826,579,761,4045,423,17026,13543,15072,118,3503
80_1,63203,733,13702,605,434,2662,468,14488,18207,8525,98,3281
80_2,58532,586,12221,420,361,2429,511,16973,11051,10276,110,3594
80_3,66823,737,11551,710,571,3565,353,12664,22271,11828,141,2432
80_4,67490,786,11024,677,522,3703,500,14057,22234,11148,142,2697
80_5,63588,819,10993,699,477,3103,440,11338,23318,10057,88,2256
81_1,66902,698,12496,364,2221,3284,469,15363,14582,12963,124,4338
81_2,84966,1056,19522,546,2340,4065,670,18766,18522,12974,162,6343
81_3,81889,967,16076,487,2544,4091,683,17626,19298,15115,153,4849
82_1,72053,720,13924,384,1679,3441,650,15510,17463,13650,129,4503
82_2,74748,853,13917,446,1981,3792,687,14809,21720,12342,137,4064
83_1,54273,411,9140,204,606,2308,598,10631,13813,14139,96,2327
83_2,68589,529,11838,284,880,3512,587,12615,21476,14184,107,2577
83_3,79055,558,11851,279,959,3723,740,15044,21927,20910,128,2936
83_4,82237,629,10699,293,907,3804,805,12945,25768,23988,142,2257
83_5,74586,461,8866,250,619,3522,728,12697,23067,22240,97,2039
83_6,93049,718,15415,333,1170,4800,832,16156,30956,19203,141,3325
83_7,78570,543,12796,289,813,3485,646,14523,22451,20243,131,2650
83_8,82079,806,13579,342,979,4023,924,13986,26918,17409,135,2978
84_1,53952,485,14033,238,532,1880,605,10941,13132,8876,113,3117
84_2,65997,531,11902,256,881,3163,517,12596,19885,13315,104,2847
84_3,59574,496,10738,283,726,2934,495,9656,21066,10919,100,2161
84_4,70021,652,11935,336,1015,3538,640,12057,23642,13643,127,2436
84_5,64501,641,12248,277,832,2912,631,12885,18212,12793,99,2971
85_1,89684,1171,14245,710,749,5141,585,24770,16081,21039,167,5026
85_2,84310,1035,13688,635,794,4726,563,22695,15676,19600,140,4758
85_3,97606,959,13437,642,881,5599,662,23726,19531,27797,128,4244
85_4,81852,1178,11591,759,701,4996,494,22801,12411,22849,164,3908
85_5,65377,876,10194,548,685,3749,401,15997,13891,15519,97,3420
86_1,61953,948,13932,488,726,2858,501,16918,10387,9974,133,5088
86_2,61462,845,13769,417,652,2877,456,17506,8277,11222,123,5318
86_3,57780,1014,10839,639,836,3172,483,13032,13124,11058,146,3437
86_4,56553,835,10521,530,647,3013,456,11690,15236,10449,158,3018
87_1,65978,933,15406,559,1034,2755,470,17895,11673,9628,141,5484
87_2,77529,1133,17149,700,1383,3555,559,20154,14289,12965,155,5487
87_3,64907,978,13994,591,1101,2975,528,17528,11975,9928,144,5165
88_1,59116,748,10270,466,641,3515,561,12582,15944,11024,104,3261
88_2,56208,804,9183,529,639,3353,623,10574,18607,9042,100,2754
88_3,51719,877,8649,513,799,3667,584,10463,13562,9959,129,2517
88_4,52459,800,8422,496,671,3788,455,9985,15811,9554,122,2355
89_1,59559,640,9772,407,736,3779,629,12950,14870,12414,119,3243
89_2,57865,725,9938,472,636,3683,477,11245,16906,11032,107,2644
89_3,67129,763,11105,501,615,4206,669,12039,20864,13293,115,2959
90_1,35857,424,6421,256,325,1971,454,7220,10171,6547,83,1985
90_2,35717,462,7251,336,343,1799,487,7552,9078,6121,84,2204
91_1,51130,628,15182,327,369,2531,787,12905,8159,6429,103,3710
91_2,72144,669,13730,404,583,5047,805,15783,17574,13781,145,3623
91_3,77184,723,15793,372,655,4980,848,19088,15201,14313,153,5058
91_4,78789,720,14394,340,630,5156,894,21973,13375,16048,151,5108
91_5,56010,387,10670,185,400,2077,555,19213,4434,13481,130,4478
91_6,64391,534,14645,280,437,3077,827,19262,8227,11539,149,5414
91_7,55996,510,13101,278,441,3384,768,14134,9656,9614,98,4012
91_8,60107,443,12394,190,264,11222,653,14360,7790,9007,89,3695
91_9,61827,551,13700,283,379,4869,756,15496,10292,11433,122,3946
91_10,45904,590,12783,265,310,2449,621,11175,7753,6829,101,3028
92_1,44933,457,17266,245,267,1081,946,10641,5176,5087,76,3691
92_2,55117,364,10355,181,323,1316,560,18749,3795,14990,96,4388
92_3,65562,348,9227,153,362,1919,651,22775,4771,20907,104,4345
92_4,59664,490,15799,232,351,1702,868,18044,5699,11743,120,4616
92_5,57589,381,10756,176,309,1357,668,18001,4231,17572,103,4035
92_6,62820,291,6369,125,300,1273,465,17645,4062,29530,79,2681
92_7,71569,331,8452,177,470,2002,591,23749,5189,26562,133,3913
92_8,57164,322,8192,152,375,1520,557,19423,3837,18797,80,3909
92_9,53924,182,5346,68,255,1027,383,17616,2633,23748,65,2601
92_10,64121,367,11119,161,374,1675,656,23290,4256,16504,107,5612
92_11,55214,540,15421,272,364,1504,623,17261,4784,8775,88,5582
92_12,74589,551,14156,305,517,2726,790,24289,7106,17930,150,6069
92_13,72492,409,12831,200,480,2257,695,25204,5192,19408,144,5672
93_1,41810,501,16059,275,211,918,728,10541,4065,4327,91,4094
93_2,34767,502,15006,262,171,647,638,7671,3927,2680,81,3182
93_3,55656,563,14077,286,383,2458,736,15867,7867,9108,103,4208
93_4,41093,478,16620,257,213,1049,711,8491,6208,3855,86,3125
93_5,42677,499,15468,289,243,1293,741,9547,7009,4757,87,2744
93_6,36347,360,14219,333,177,683,509,8753,3806,3706,76,3725
93_7,55072,778,22093,296,299,1010,719,13631,4854,4869,95,6428
93_8,45333,411,11016,209,326,1977,590,11568,7174,8699,112,3251
93_9,50707,547,17417,328,317,1352,705,12443,5705,6608,106,5179
93_10,47869,517,15317,254,284,1792,967,10976,6923,7026,83,3730
93_11,43298,497,15543,252,253,1422,874,9880,7049,4666,89,2773
93_12,46248,395,11202,197,282,1982,813,10663,8869,8717,79,3049
94_1,67653,502,12682,223,459,2944,761,19932,6764,18678,121,4587
94_2,47728,508,15346,380,284,1923,785,12025,5763,6635,96,3983
94_3,54761,505,13915,235,348,4319,761,12753,9230,9069,89,3537
94_4,57555,470,11487,217,391,3270,680,15991,8544,12935,94,3476
94_5,68054,441,14428,234,473,2666,731,20338,7305,16760,132,4546
94_6,65677,446,13133,196,397,1868,531,22014,4653,16763,118,5558
94_7,49803,466,11994,246,326,2383,585,14778,6045,8944,81,3955
94_8,61705,405,11473,258,429,2578,632,18700,6562,15901,106,4661
94_9,39344,410,12314,259,253,1404,571,9699,5105,5401,77,3851
94_10,49022,593,17655,266,306,1449,725,12648,5055,5670,89,4566
94_11,46485,480,14685,235,291,1448,541,13324,4852,6058,63,4508
95_1,64695,646,13325,329,548,3500,729,14996,14338,12366,113,3805
95_2,59788,464,12661,309,477,3291,810,15082,11244,11391,116,3943
95_3,71023,608,15042,271,550,3815,941,18833,12719,13506,130,4608
95_4,58119,487,11980,311,456,3014,690,16365,8667,11976,115,4058
95_5,49262,498,16515,354,314,1599,828,11810,7434,5934,83,3893
95_6,57439,451,12300,230,431,2175,742,16214,7657,13267,81,3891
95_7,52596,414,11365,231,350,2134,654,13183,8029,12842,91,3303
95_8,36330,411,12079,189,180,906,753,7955,5390,5598,79,2790
95_9,50259,540,12792,294,369,2278,841,10846,11389,7598,80,3232
95_10,49648,531,13576,244,305,2119,727,13709,7517,6764,91,4065
971_1,25625,596,6127,539,169,425,285,8351,3375,3119,109,2530
971_2,31087,590,7625,497,147,585,384,9110,4677,4785,65,2622
971_3,31788,613,7833,450,188,599,397,10075,4062,4429,83,3059
971_4,23993,509,5554,494,154,433,253,6456,3089,4004,70,2977
972_1,28952,903,7805,665,214,629,374,7104,3372,5091,116,2679
972_2,29728,836,7458,629,240,597,332,8046,3486,5387,104,2613
972_3,23474,710,6454,460,193,446,319,5924,2215,3563,82,3108
972_4,27326,781,8241,503,224,668,382,6877,2902,4403,72,2273
973_1,17218,960,4225,318,166,302,324,3152,4151,2584,57,979
973_2,9616,445,2408,144,107,169,156,1879,2368,1350,41,549
974_1,47150,509,10052,507,236,1314,851,11084,9864,9114,101,3518
974_2,47701,641,15034,754,281,1293,848,8709,9475,7884,140,2642
974_3,51490,730,12309,911,319,1821,1022,8184,14913,7816,151,3314
974_4,62470,793,14050,847,325,1734,1019,9154,13691,12218,163,8476
974_5,41780,507,9474,809,189,1083,650,7829,11480,6770,100,2889
974_6,40510,498,9492,579,235,1151,570,8131,10847,6418,116,2473
974_7,59378,698,15576,783,354,1727,1069,13201,11949,10288,173,3560
976_1,15378,291,1450,148,103,450,218,3805,4056,3912,80,865
976_2,18091,338,1358,188,87,580,193,2598,5074,7000,86,589
988_1,40427,495,4003,335,350,1301,1074,5792,10582,13878,95,2522
988_2,46519,789,3700,501,345,1220,1024,5297,14708,13187,145,5603
987_1,28973,303,2214,261,184,681,423,3983,9481,10471,78,894
987_2,23048,236,1702,227,105,486,334,3844,7908,7557,64,585
987_3,23608,216,2035,202,158,600,448,3301,7210,8655,59,724
975_1,2632,64,933,28,54,79,36,473,478,261,9,217
986_1,5348,41,192,54,29,79,50,1630,380,1526,18,1349
977_1,7865,92,1153,35,68,216,112,1572,1834,2518,18,247
999_1,79911,369,13646,141,279,1130,691,36095,4790,16980,122,5668
999_2,24109,152,4673,51,114,216,244,9155,1680,6335,47,1442
999_3,58234,315,7807,130,192,790,470,29273,1833,12835,92,4497
999_4,67750,527,11899,195,331,1220,564,26268,4481,16102,154,6009
999_5,34759,269,6199,101,171,671,255,12169,3403,9044,60,2417
999_6,65823,559,9921,162,369,1598,782,22846,5318,20242,172,3854
999_7,53817,404,6678,118,227,830,401,28521,2192,9595,96,4755
999_8,28570,184,3192,103,126,454,184,10406,2065,10402,51,1403
999_9,42883,234,10894,102,191,490,471,14599,2028,11088,78,2708
999_10,48186,202,5901,113,241,728,568,14915,4731,18361,83,2343
999_11,50077,199,6882,96,289,710,948,19632,3405,14845,75,2996
